title,date,URL
Area Sabha Member list Zone 1 to 15,28.08.2026,https://chennaicorporation.gov.in/council/resolution/Area Sabha Member list Zone 1 to 15.pdf
Council Resolution - 2024-11-28,28.11.2024,https://chennaicorporation.gov.in/council/resolution/Council Resolution 28.11.2024.pdf
Council Resolution - 2024-10-29,29.10.2024,https://chennaicorporation.gov.in/council/resolution/Council Resolution 29.10.2024.pdf
Council Resolution - 2024-09-27,27.09.2024,https://chennaicorporation.gov.in/council/resolution/Council Resolution 27.09.2024.pdf
Council Resolution - 2024-08-29,29.08.2024,https://chennaicorporation.gov.in/council/resolution/Council Resolution 29.08.2024.pdf
Council Resolution - 2024-07-30,30.07.2024,https://chennaicorporation.gov.in/council/resolution/Council Resolution 30.07.2024.pdf
Council Resolution - 2024-06-24,24.06.2024,https://chennaicorporation.gov.in/council/resolution/Council Resolution 24.06.2024.pdf
Council Resolution - 2024-02-22,22.02.2024,https://chennaicorporation.gov.in/council/resolution/Council Resolution 22.02.2024.pdf
Council Resolution - 2024-01-31,31.01.2024,https://chennaicorporation.gov.in/council/resolution/Council Resolution 31.01.2024.pdf
Council Resolution - 2023-12-29,29.12.2023,https://chennaicorporation.gov.in/council/resolution/Council Resolution 29.12.2023.pdf
Council Resolution - 2023-11-29,29.11.2023,https://chennaicorporation.gov.in/council/resolution/Council Resolution 29.11.2023.pdf
Council Resolution - 2023-10-31,31.10.2023,https://chennaicorporation.gov.in/council/resolution/Council Resolution 31.10.2023.pdf
Council Resolution - 2023-09-29,29.09.2023,https://chennaicorporation.gov.in/council/resolution/Council Resolution 29.09.2023.pdf
Council Resolution - 2023-08-31,31.08.2023,https://chennaicorporation.gov.in/council/resolution/Council Resolution 31.08.2023.pdf
Council Resolution - 2023-07-28,28.07.2023,https://chennaicorporation.gov.in/council/resolution/Council Resolution 28.07.2023.pdf
Council Resolution - 2023-06-30,30.06.2023,https://chennaicorporation.gov.in/council/resolution/Council Resolution 30.06.2023.pdf
Council Resolution - 2023-05-30,30.05.2023,https://chennaicorporation.gov.in/council/resolution/Council Resolution 30.05.2023.pdf
Council Resolution - 2023-04-28,28.04.2023,https://chennaicorporation.gov.in/council/resolution/Council Resolution 28.04.2023.pdf
Council Resolution - 2023-03-28,28.03.2023,https://chennaicorporation.gov.in/council/resolution/Council Resolution 28.03.2023.pdf
Council Resolution - 2023-03-02,02.03.2023,https://chennaicorporation.gov.in/council/resolution/Council Resolution 02.03.2023.pdf
Council Resolution - 2023-01-30,30.01.2023,https://chennaicorporation.gov.in/council/resolution/Council Resolution 30.01.2023.pdf
Council Resolution - 2022-12-28,28.12.2022,https://chennaicorporation.gov.in/council/resolution/Council Resolution 28.12.2022.pdf
Council Resolution - 2022-11-29,29.11.2022,https://chennaicorporation.gov.in/council/resolution/Council Resolution 29.11.2022.pdf
Council Resolution - 2022-10-28,28.10.2022,https://chennaicorporation.gov.in/council/resolution/Council Resolution 28.10.2022.pdf
Council Resolution - 2022-09-29,29.09.2022,https://chennaicorporation.gov.in/council/resolution/Council Resolution 29.09.2022.pdf
Council Resolution - 2022-08-30,30.08.2022,https://chennaicorporation.gov.in/council/resolution/Council Resolution 30.08.2022.pdf
Council Resolution - 2022-07-30,30.07.2022,https://chennaicorporation.gov.in/council/resolution/Council Resolution 30.07.2022.pdf
Council Resolution - 2022-06-28,28.06.2022,https://chennaicorporation.gov.in/council/resolution/Council Resolution 28.06.2022.pdf
Council Resolution - 2022-05-30,30.05.2022,https://chennaicorporation.gov.in/council/resolution/Council Resolution 30.05.2022.pdf
Council Resolution - 2022-04-09,09.04.2022,https://chennaicorporation.gov.in/council/resolution/Council Resolution 09.04.2022.pdf
Council Resolution - 2022-03-01,01.03.2022,https://chennaicorporation.gov.in/council/resolution/Council Resolution 01.03.2022.pdf
Council Resolution - 2022-02-28,28.02.2022,https://chennaicorporation.gov.in/council/resolution/Council Resolution 28.02.2022.pdf
Council Resolution - 2022-01-26,26.01.2022,https://chennaicorporation.gov.in/council/resolution/Council Resolution 26.01.2022.pdf
Council Resolution - 2022-01-20,20.01.2022,https://chennaicorporation.gov.in/council/resolution/Council Resolution 20.01.2022.pdf
Council Resolution - 2021-12-31,2021-12-31,https://chennaicorporation.gov.in/council/resolution/Council Resolution 31.12.21.pdf
Council Resolution - 2021-12-24,24.12.2021,https://chennaicorporation.gov.in/council/resolution/Council Resolution 24.12.2021.pdf
Council Resolution - 2021-12-15,15.12.2021,https://chennaicorporation.gov.in/council/resolution/Council Resolution 15.12.2021.pdf
Council Resolution - 2021-11-30,30.11.2021,https://chennaicorporation.gov.in/council/resolution/Council Resolution 30.11.2021.pdf
Council Resolution - 2021-11-15,15.11.2021,https://chennaicorporation.gov.in/council/resolution/Council Resolution 15.11.2021.pdf
Council Resolution - 2021-10-30,2021-10-30,https://chennaicorporation.gov.in/council/resolution/Council Resolution 30.10.21.pdf
Council Resolution - 2021-10-26,26.10.2021,https://chennaicorporation.gov.in/council/resolution/Council Resolution 26.10.2021.pdf
Council Resolution - 2021-10-16,16.10.2021,https://chennaicorporation.gov.in/council/resolution/Council Resolution16.10.2021.pdf
Council Resolution - 2021-09-30,30.09.2021,https://chennaicorporation.gov.in/council/resolution/Council Resolution 30.09.2021.pdf
Council Resolution - 2021-09-26,26.09.2021,https://chennaicorporation.gov.in/council/resolution/Council Resolution 26.09.2021.pdf
Council Resolution - 2021-09-15,2021-09-15,https://chennaicorporation.gov.in/council/resolution/Council Resolution 15.09.21.pdf
Council Resolution - 2021-08-31,2021-08-31,https://chennaicorporation.gov.in/council/resolution/Council Resolution 31.08.21.pdf
Council Resolution - 2021-08-26,26.08.2021,https://chennaicorporation.gov.in/council/resolution/Council Resolution 26.08.2021.pdf
Council Resolution - 2021-08-19,19.08.2021,https://chennaicorporation.gov.in/council/resolution/Council Resolution 19.08.2021.pdf
Council Resolution - 2021-08-09 -1,09.08.2021,https://chennaicorporation.gov.in/council/resolution/Council Resolution 09.08.2021-1.pdf
Council Resolution - 2021-08-09,09.08.2021,https://chennaicorporation.gov.in/council/resolution/Council Resolution 09.08.2021.pdf
Council Resolution - 2021-07-29,29.07.2021,https://chennaicorporation.gov.in/council/resolution/Council Resolution 29.07.2021.pdf
Council Resolution - 2021-07-25,25.07.2021,https://chennaicorporation.gov.in/council/resolution/Council Resolution 25.07.2021.pdf
Council Resolution - 2021-07-13,13.07.2021,https://chennaicorporation.gov.in/council/resolution/Council Resolution 13.07.2021.pdf
Council Resolution - 2021-06-28,2021-06-28,https://chennaicorporation.gov.in/council/resolution/Council Resolution 28.06.21.pdf
Council Resolution - 2021-05-29,2021-05-29,https://chennaicorporation.gov.in/council/resolution/Council Resolution 29.05.21.pdf
Council Resolution - 2021-04-30,2021-04-30,https://chennaicorporation.gov.in/council/resolution/Council Resolution 30.04.21.pdf
Council Resolution - 2021-03-31,31.03.2021,https://chennaicorporation.gov.in/council/resolution/Council Resolution 31.03.2021.pdf
Council Resolution - 2021-02-26,26.02.2021,https://chennaicorporation.gov.in/council/resolution/Council Resolution 26.02.2021.pdf
Council Resolution - 2021-01-29,29.01.2021,https://chennaicorporation.gov.in/council/resolution/Council%20Resolution%2029.01.2021.pdf
Council Resolution - 2020-12-31,31.12.2020,https://chennaicorporation.gov.in/council/resolution/Council Resolution 31.12.2020.pdf
Council Resolution - 2020-11-30,30.11.2020,https://chennaicorporation.gov.in/council/resolution/Council Resolution 30.11.2020.pdf
Council Resolution - 2020-10-31,31.10.2020,https://chennaicorporation.gov.in/council/resolution/Council Resolution 31.10.2020.pdf
Council Resolution - 2020-09-30,30.09.2020,https://chennaicorporation.gov.in/council/resolution/Council Resolution 30.09.2020.pdf
Council Resolution - 2020-08-28,28.08.2020,https://chennaicorporation.gov.in/council/resolution/Council Resolution 28.08.2020.pdf
Council Resolution - 2020-07-30,30.07.2020,https://chennaicorporation.gov.in/council/resolution/Council Resolution30.07.2020.pdf
Council Resolution - 2020-06-30,30.06.2020,https://chennaicorporation.gov.in/council/resolution/Council Resolution 30.06.2020.pdf
Council Resolution - 2020-05-30,30.05.2020,https://chennaicorporation.gov.in/council/resolution/Council Resolution 30.05.2020.pdf
Council Resolution - 2020-04-30,30.04.2020,https://chennaicorporation.gov.in/council/resolution/Council Resolution 30.04.2020.pdf
Council Resolution - 2020-03-31,31.03.2020,https://chennaicorporation.gov.in/council/resolution/Council Resolution 31.03.2020.pdf
Council Resolution - 2020-02-28,28.02.2020,https://chennaicorporation.gov.in/council/resolution/Council Resolution 28.02.2020.pdf
Council Resolution - 2020-01-31,31.01.2020,https://chennaicorporation.gov.in/council/resolution/Council Resolution 31.01.2020.pdf
Council Resolution - 2019-12-31,31.12.2019,https://chennaicorporation.gov.in/council/resolution/Council Resolution 31.12.2019.pdf
Council Resolution - 2019-11-29,29.11.2019,https://chennaicorporation.gov.in/council/resolution/Council Resolution 29.11.2019.pdf
Council Resolution - 2019-10-31,31.10.2019,https://chennaicorporation.gov.in/council/resolution/Council Resolution 31.10.2019.pdf
Council Resolution - 2019-09-30,30.09.2019,https://chennaicorporation.gov.in/council/resolution/Council Resolution 30.09.2019.pdf
Council Resolution - 2019-08-30,30.08.2019,https://chennaicorporation.gov.in/council/resolution/Council Resolution 30.08.2019.pdf
Council Resolution - 2019-07-31,31.07.2019,https://chennaicorporation.gov.in/council/resolution/Council Resolution 31.07.2019.pdf
Council Resolution - 2019-06-28,28.06.2019,https://chennaicorporation.gov.in/council/resolution/Council Resolution 28.06.2019.pdf
Council Resolution - 2019-05-31,31.05.2019,https://chennaicorporation.gov.in/council/resolution/Council Resolution 31.05.2019.pdf
Council Resolution - 2019-04-29,29.04.2019,https://chennaicorporation.gov.in/council/resolution/Council Resolution 29.04.2019.pdf
Council Resolution - 2019-03-30,30.03.2019,https://chennaicorporation.gov.in/council/resolution/Council Resolution 30.03.2019.pdf
Council Resolution - 2019-02-28,28.02.2019,https://chennaicorporation.gov.in/council/resolution/Council Resolution 28.02.2019.pdf
Council Resolution - 2019-01-31,31-01-2019,https://chennaicorporation.gov.in/council/resolution/Council Resolution 31-01-2019.pdf
Council Resolution - 2018-12-31,31-12-2018,https://chennaicorporation.gov.in/council/resolution/Council Resolution 31-12-2018.pdf
Council Resolution - 2018-11-30,30-11-2018,https://chennaicorporation.gov.in/council/resolution/Council Resolution 30-11-2018.pdf
Council Resolution - 2018-10-29,29.10.2018,https://chennaicorporation.gov.in/council/resolution/Council Resolution 29.10.2018.pdf
Council Resolution - 2018-09-25,25.09.2018,https://chennaicorporation.gov.in/council/resolution/Council Resolution 25.09.2018.pdf
Council Resolution - 2018-08-31,31.08.2018,https://chennaicorporation.gov.in/council/resolution/Council Resolution 31.08.2018.pdf
Council Resolution - 2018-07-31,31.07.2018,https://chennaicorporation.gov.in/council/resolution/Council Resolution 31.07.2018.pdf
Council Resolution - 2018-06-30,30.06.2018,https://chennaicorporation.gov.in/council/resolution/Council Resolution 30.06.2018.pdf
Council Resolution - 2018-05-18,18.05.2018,https://chennaicorporation.gov.in/council/resolution/Council Resolution 18.05.2018.pdf
Council Resolution - 2018-04-30,30.04.2018,https://chennaicorporation.gov.in/council/resolution/Council Resolution 30.04.2018.pdf
Council Resolution - 2018-03-28,28.03.2018,https://chennaicorporation.gov.in/council/resolution/Council Resolution 28.03.2018.pdf
Council Resolution - 2018-02-27,27.02.2018,https://chennaicorporation.gov.in/council/resolution/Council Resolution 27.02.2018.pdf
Council Resolution - 2018-01-31,31.01.2018,https://chennaicorporation.gov.in/council/resolution/Council Resolution 31.01.2018.pdf
Council Resolution - 2017-12-28,28.12.2017,https://chennaicorporation.gov.in/council/resolution/Council Resolution 28.12.2017.pdf
Council Resolution - 2017-11-30,30.11.2017,https://chennaicorporation.gov.in/council/resolution/Council Resolution 30.11.2017.pdf
Council Resolution - 2017-10-31,31.10.2017,https://chennaicorporation.gov.in/council/resolution/Council Resolution 31.10.2017.pdf
Council Resolution - 2017-09-28,28.09.2017,https://chennaicorporation.gov.in/council/resolution/Council Resolution 28.09.2017.pdf
Council Resolution - 2017-08-20,20.08.2017,https://chennaicorporation.gov.in/council/resolution/Council Resolution 20.08.2017.pdf
Council Resolution - 2017-07-28,26.07.2017,https://chennaicorporation.gov.in/council/resolution/Council Resolution- 26.07.2017.pdf
Council Resolution - 2017-06-29,29.06.2017,https://chennaicorporation.gov.in/council/resolution/Council Resolution 29.06.2017.pdf
Council Resolution - 2017-05-30,30.05.2017,https://chennaicorporation.gov.in/council/resolution/Council Resolution 30.05.2017.pdf
Council Resolution - 2017-04-29,29.04.2017,https://chennaicorporation.gov.in/council/resolution/Council Resolution 29.04.2017.pdf
Council Resolution - 2017-03-31,2017-03-31,https://chennaicorporation.gov.in/council/resolution/Council Resolution 31.03.17.pdf
Council Resolution - 2017-02-28,2017-02-28,https://chennaicorporation.gov.in/council/resolution/Council Resolution 28.02.17.pdf
Council Resolution - 2017-01-31,11.01.2017,https://chennaicorporation.gov.in/council/resolution/Council_Resolution_11.01.2017.pdf
Council Resolution - 2016-12-30,05.12.2016,https://chennaicorporation.gov.in/council/resolution/Council_Resolution_05.12.2016.pdf
Council Resolution - 2016-11-29,04.11.2016,https://chennaicorporation.gov.in/council/resolution/Council_Resolution_04.11.2016.pdf
Council Resolution - 2016-10-31,31.10.2016,https://chennaicorporation.gov.in/council/resolution/Council_Resolution_31.10.2016.pdf
Council Resolution - 2016-09-10,10.09.2016,https://chennaicorporation.gov.in/council/resolution/Council_Resolution_10.09.2016.pdf
Council Resolution - 2016-09-09,09.09.2016,https://chennaicorporation.gov.in/council/resolution/Council_Resolution_09.09.2016.pdf
Council Resolution - 2016-09-08,08.09.2016,https://chennaicorporation.gov.in/council/resolution/Council_Resolution_08.09.2016.pdf
Council Resolution - 2016-08-20,2016-08-20,https://chennaicorporation.gov.in/council/resolution/Council_Resolution_20.8.2016.pdf
Council Resolution - 2016-07-30,30.07.2016,https://chennaicorporation.gov.in/council/resolution/Council_Resolution_30.07.2016.pdf
Council Resolution - 2016-06-30,2016-06-30,https://chennaicorporation.gov.in/council/resolution/Council_Resolution_30.6.2016.pdf
Council Resolution - 2016-05-30,30.05.2016,https://chennaicorporation.gov.in/council/resolution/Council_Resolution_30.05.2016.pdf
Council Resolution - 2016-02-26,26.02.2016,https://chennaicorporation.gov.in/council/resolution/Council_Resolution_26.02.2016.pdf
Council Resolution - 2016-01-30,30.01.2016,https://chennaicorporation.gov.in/council/resolution/Council_Resolution_30.01.2016.pdf
Council Resolution - 2015-12-22,22-12-2015,https://chennaicorporation.gov.in/council/resolution/council_resolutions_22-12-2015.pdf
Council Resolution - 2015-11-27,27-11-2015,https://chennaicorporation.gov.in/council/resolution/council_resolutions_27-11-2015.pdf
Council Resolution - 2015-10-27,27-10-2015,https://chennaicorporation.gov.in/council/resolution/council_resolutions_27-10-2015.pdf
Council Resolution - 2015-09-30,30-09-2015,https://chennaicorporation.gov.in/council/resolution/council_resolutions_30-09-2015.pdf
Council Resolution - 2015-08-31,31-08-2015,https://chennaicorporation.gov.in/council/resolution/council_resolutions_31-08-2015 .pdf
Council Resolution - 2015-08-03,2015-08-03,https://chennaicorporation.gov.in/council/resolution/council_resolutions_3.8.2015.pdf
Council Resolution - 2015-07-06,2015-07-06,https://chennaicorporation.gov.in/council/resolution/council_resolutions_6.7.2015.pdf
Council Resolution - 2015-05-27,27-05-2015,https://chennaicorporation.gov.in/council/resolution/council_resolutions_27-05-2015 .pdf
Council Resolution - 2015-04-30,30-04-2015,https://chennaicorporation.gov.in/council/resolution/council_resolutions_30-04-2015.pdf
Council Resolution - 2015-03-23,23-03-2015,https://chennaicorporation.gov.in/council/resolution/council_resolutions_23-03-2015.pdf
Council Resolution - 2015-02-27,27-02-2015,https://chennaicorporation.gov.in/council/resolution/council_resolutions_27-02-2015.pdf
Council Resolution - 2015-01-29,29-01-2015,https://chennaicorporation.gov.in/council/resolution/council_resolutions_29-01-2015.pdf
Council Resolution - 2014-12-29,29-12-2014,https://chennaicorporation.gov.in/council/resolution/council_resolutions_29-12-2014.pdf
Council Resolution - 2014-11-20,20-11-2014,https://chennaicorporation.gov.in/council/resolution/council_resolutions_20-11-2014.pdf
Council Resolution - 2014-10-28,28-10-2014,https://chennaicorporation.gov.in/council/resolution/council_resolutions_28-10-2014.pdf
Council Resolution - 2014-09-30,30-09-2014,https://chennaicorporation.gov.in/council/resolution/council_resolutions_30-09-2014.pdf
Council Resolution - 2014-08-30,30-08-2014,https://chennaicorporation.gov.in/council/resolution/council_resolutions_30-08-2014.pdf
Council Resolution - 2014-07-10,10-07-2014,https://chennaicorporation.gov.in/council/resolution/council_resolutions_10-07-2014.pdf
Council Resolution - 2014-06-11,11-06-2014,https://chennaicorporation.gov.in/council/resolution/council_resolutions_11-06-2014.pdf
Council Resolution - 2014-04-30,30-04-2014,https://chennaicorporation.gov.in/council/resolution/council_resolutions_30-04-2014.pdf
Council Resolution - 2014-02-25,25-02-2014,https://chennaicorporation.gov.in/council/resolution/council_resolutions_25-02-2014.pdf
Council Resolution - 2014-02-19,19-02-2014,https://chennaicorporation.gov.in/council/resolution/council_resolutions_19-02-2014.pdf
Council Resolution - 2014-01-24,24-01-2014,https://chennaicorporation.gov.in/council/resolution/council_resolutions_24-01-2014.pdf
Council Resolution - 2013-12-26,26-12-2013,https://chennaicorporation.gov.in/council/resolution/council_resolutions_26-12-2013.pdf
Council Resolution - 2013-11-22,22-11-2013,https://chennaicorporation.gov.in/council/resolution/council_resolutions_22-11-2013.pdf
Council Resolution - 2013-10-29,29-10-2013,https://chennaicorporation.gov.in/council/resolution/council_resolutions_29-10-2013.pdf
Council Resolution - 2013-09-28,28-09-2013,https://chennaicorporation.gov.in/council/resolution/council_resolutions_28-09-2013.pdf
Council Resolution - 2013-08-29,29-08-2013,https://chennaicorporation.gov.in/council/resolution/council_resolutions_29-08-2013.pdf
Council Resolution - 2013-07-26,26-07-2013,https://chennaicorporation.gov.in/council/resolution/council_resolutions_26-07-2013.pdf
Council Resolution - 2013-06-26,26-06-2013,https://chennaicorporation.gov.in/council/resolution/council_resolutions_26-06-2013.pdf
Council Resolution - 2013-05-31,31-05-2013,https://chennaicorporation.gov.in/council/resolution/council_resolutions_31-05-2013.pdf
Council Resolution - 2013-04-15,2013-04-15,https://chennaicorporation.gov.in/council/resolution/council_resolutions_15-APRIL-2013.pdf
Council Resolution - 2013-03-23,2013-03-23,https://chennaicorporation.gov.in/council/resolution/council_resolutions_23-MAR-2013.pdf
Council Resolution - 2013-02-28,2013-02-28,https://chennaicorporation.gov.in/council/resolution/council_resolutions_28-FEB-2013.pdf
Council Resolution - 2013-01-31,2013-01-31,https://chennaicorporation.gov.in/council/resolution/council_resolutions_31-JAN-2013.pdf
Council Resolution - 2012-12-31,2012-12-31,https://chennaicorporation.gov.in/council/resolution/council_resolutions_31-DEC-2012.pdf
Council Resolution - 2012-11-30,2012-11-30,https://chennaicorporation.gov.in/council/resolution/council_resolutions_30-NOV-2012.pdf
Council Resolution - 2012-10-31,2012-10-31,https://chennaicorporation.gov.in/council/resolution/council_resolutions_31-OCT-2012.pdf
Council Resolution - 2012-09-30,2012-09-30,https://chennaicorporation.gov.in/council/resolution/council_resolutions_30-SEP-2012.pdf
Council Resolution - 2012-08-31,2012-08-31,https://chennaicorporation.gov.in/council/resolution/council_resolutions_31-AUG-2012.pdf
Council Resolution - 2012-07-31,2012-07-31,https://chennaicorporation.gov.in/council/resolution/CouncilResolution08072012.pdf
Council Resolution - 2012-06-30,31-06-2012,https://chennaicorporation.gov.in/council/resolution/council_resolutions_31-06-2012.pdf
Council Resolution - 2012-05-31,2012-05-31,https://chennaicorporation.gov.in/council/resolution/CouncilResolution31052012.pdf
Council Resolution - 2012-04-26,2012-04-26,https://chennaicorporation.gov.in/council/resolution/CouncilResolution31042012.pdf
Council Resolution - 2012-02-27,2012-02-27,https://chennaicorporation.gov.in/council/resolution/CuncilResolutions29022012.pdf
Council Resolution - 2012-01-27,2012-01-27,https://chennaicorporation.gov.in/council/resolution/CouncilResolutions29012012.pdf
Council Resolution - 2011-12-31,2011-12-31,https://chennaicorporation.gov.in/council/resolution/council_resolutions_31-DEC-2011.pdf
Council Resolution - 2011-11-30,31-11-2011,https://chennaicorporation.gov.in/council/resolution/council_resolutions_31-11-2011.pdf
Council Resolution - 2011-09-30,31-09-2011,https://chennaicorporation.gov.in/council/resolution/council_resolutions_31-09-2011.pdf
Council Resolution - 2011-08-31,2011-08-31,https://chennaicorporation.gov.in/council/resolution/CouncilResolution08082011.pdf
Council Resolution - 2011-07-29,2011-07-29,https://chennaicorporation.gov.in/council/resolution/council_resolutions_29-JUL-2011.pdf
Council Resolution - 2011-06-30,31-06-2011,https://chennaicorporation.gov.in/council/resolution/council_resolutions_31-06-2011.pdf
Council Resolution - 2011-05-31,31-05-2011,https://chennaicorporation.gov.in/council/resolution/council_resolutions_31-05-2011.pdf
Council Resolution - 2011-02-28,31-02-2011,https://chennaicorporation.gov.in/council/resolution/council_resolutions_31-02-2011.pdf
Council Resolution - 2011-01-31,31-01-2011,https://chennaicorporation.gov.in/council/resolution/council_resolutions_31-01-2011.pdf
Council Resolution - 2010-12-31,31-12-2010,https://chennaicorporation.gov.in/council/resolution/council_resolutions_31-12-2010.pdf
Council Resolution - 2010-11-30,30-11-2010,https://chennaicorporation.gov.in/council/resolution/council_resolutions_30-11-2010.pdf
Council Resolution - 2010-10-31,30-10-2010,https://chennaicorporation.gov.in/council/resolution/council_resolutions_30-10-2010.pdf
Council Resolution - 2010-09-29,30-09-2010,https://chennaicorporation.gov.in/council/resolution/council_resolutions_30-09-2010.pdf
Council Resolution - 2010-08-31,31-08-2010,https://chennaicorporation.gov.in/council/resolution/council_resolutions_31-08-2010.pdf
Council Resolution - 2010-07-31,30-07-2010,https://chennaicorporation.gov.in/council/resolution/council_resolutions_30-07-2010.pdf
Council Resolution - 2010-06-30,30-06-2010,https://chennaicorporation.gov.in/council/resolution/council_resolutions_30-06-2010.pdf
Council Resolution - 2010-05-31,30-05-2010,https://chennaicorporation.gov.in/council/resolution/council_resolutions_30-05-2010.pdf
Council Resolution - 2010-05-31,31-05-2010,https://chennaicorporation.gov.in/council/resolution/council_resolutions_31-05-2010.pdf
Council Resolution - 2010-04-29,2010-04-29,https://chennaicorporation.gov.in/council/resolution/council_resolutions_29-APR-2010.pdf
Council Resolution - 2010-02-26,2010-02-26,https://chennaicorporation.gov.in/council/resolution/council_resolutions_26-FEP-2010.pdf
Council Resolution - 2010-01-30,31-01-2010,https://chennaicorporation.gov.in/council/resolution/council_resolutions_31-01-2010.pdf
Council Resolution - 2009-12-31,30-12-2009,https://chennaicorporation.gov.in/council/resolution/council_resolutions_30-12-2009.pdf
Council Resolution - 2009-12-22,2009-12-22,https://chennaicorporation.gov.in/council/resolution/Council Resolution 22122009.pdf
Council Resolution - 2009-12-19,2009-12-19,https://chennaicorporation.gov.in/council/resolution/Council Resolution 19122009.pdf
Council Resolution - 2009-11-17,2009-11-17,https://chennaicorporation.gov.in/council/resolution/Council Resolution 17112009.pdf
Council Resolution - 2009-10-29,2009-10-29,https://chennaicorporation.gov.in/council/resolution/Council Resolution 29102009.pdf
Council Resolution - 2009-09-16,2009-09-16,https://chennaicorporation.gov.in/council/resolution/Council Resolution 16092009.pdf
Council Resolution - 2009-09-03,2009-09-03,https://chennaicorporation.gov.in/council/resolution/Council Resolution 03092009 1.pdf
Council Resolution - 2009-09-03,2009-09-03,https://chennaicorporation.gov.in/council/resolution/Council Resolution 03092009 2.pdf
Council Resolution - 2009-08-31,30-08-2009,https://chennaicorporation.gov.in/council/resolution/council_resolutions_30-08-2009.pdf
Council Resolution - 2009-08-19,2009-08-19,https://chennaicorporation.gov.in/council/resolution/Council Resolution 19082009.pdf
Council Resolution - 2009-08-18,2009-08-18,https://chennaicorporation.gov.in/council/resolution/Council Resolution 18082009.pdf
Council Resolution - 2009-08-14,2009-08-14,https://chennaicorporation.gov.in/council/resolution/Council Resolution 14082009.pdf
Council Resolution - 2009-07-22,2009-07-22,https://chennaicorporation.gov.in/council/resolution/Council_Resolution 22072009_1.pdf
Council Resolution - 2009-07-22,2009-07-22,https://chennaicorporation.gov.in/council/resolution/Council_Resolution 22072009_2.pdf
Council Resolution - 2009-07-22,2009-07-22,https://chennaicorporation.gov.in/council/resolution/Council_Resolution 22072009_3.pdf
Council Resolution - 2009-07-14,14-07-2009,https://chennaicorporation.gov.in/council/resolution/14-07-2009.pdf
Council Resolution - 2009-06-30,2009-06-30,https://chennaicorporation.gov.in/council/resolution/Council_Resolution 30062009_1.pdf
Council Resolution - 2009-06-30,2009-06-30,https://chennaicorporation.gov.in/council/resolution/Council_Resolution 30062009_3.pdf
Council Resolution - 2009-06-30,2009-06-30,https://chennaicorporation.gov.in/council/resolution/Council_Resolution30062009_2.pdf
Council Resolution - 2009-05-28,2009-05-28,https://chennaicorporation.gov.in/council/resolution/Council_resolution 28052009.pdf
Council Resolution - 2009-05-25,2009-05-25,https://chennaicorporation.gov.in/council/resolution/Council_Resoultuion 25052009.pdf
Council Resolution - 2009-02-23,2009-02-23,https://chennaicorporation.gov.in/council/resolution/Council_resolutions_23022009.pdf
Council Resolution - 2009-02-23,2009-02-23,https://chennaicorporation.gov.in/council/resolution/Council_resolutions_23022009_1.pdf
Council Resolution - 2009-02-23,2009-02-23,https://chennaicorporation.gov.in/council/resolution/Council_resolutions_23022009_2.pdf
Council Resolution - 2009-01-27,2009-01-27,https://chennaicorporation.gov.in/council/resolution/Council_resolutions_27012009.pdf
Council Resolution - 2009-01-27,2009-01-27,https://chennaicorporation.gov.in/council/resolution/Council_resolutions_27012009_1.pdf
Council Resolution - 2008-12-30,2008-12-30,https://chennaicorporation.gov.in/council/resolution/Council_resolutions_30122008.pdf
Council Resolution - 2008-12-30,2008-12-30,https://chennaicorporation.gov.in/council/resolution/Council_resolutions_30122008_1.pdf
Council Resolution - 2008-12-30,2008-12-30,https://chennaicorporation.gov.in/council/resolution/Council_resolutions_30122008_2.pdf
Council Resolution - 2008-12-30,2008-12-30,https://chennaicorporation.gov.in/council/resolution/Council_resolutions_30122008_3.pdf
Council Resolution - 2008-10-29,2008-10-29,https://chennaicorporation.gov.in/council/resolution/council_resolutions_29102008_1.pdf
Council Resolution - 2008-10-29,2008-10-29,https://chennaicorporation.gov.in/council/resolution/council_resolutions_29102008_2.pdf
Council Resolution - 2008-10-29,2008-10-29,https://chennaicorporation.gov.in/council/resolution/council_resolutions_29102008_3.pdf
Council Resolution - 2008-09-30,2008-09-30,https://chennaicorporation.gov.in/council/resolution/council_resolutions_30092008_1.pdf
Council Resolution - 2008-09-30,2008-09-30,https://chennaicorporation.gov.in/council/resolution/council_resolutions_30092008_2.pdf
Council Resolution - 2008-09-30,2008-09-30,https://chennaicorporation.gov.in/council/resolution/council_resolutions_30092008_3.pdf
Council Resolution - 2008-08-27,2008-08-27,https://chennaicorporation.gov.in/council/resolution/Council Resolutions.pdf
Council Resolution - 2008-08-27,2008-08-27,https://chennaicorporation.gov.in/council/resolution/Council resolution_1.pdf
Council Resolution - 2008-08-27,2008-08-27,https://chennaicorporation.gov.in/council/resolution/Council resolution_2.pdf
Council Resolution - 2008-07-30,2008-07-30,https://chennaicorporation.gov.in/council/resolution/council_resolutions_30072008_1.pdf
Council Resolution - 2008-07-30,2008-07-30,https://chennaicorporation.gov.in/council/resolution/council_resolutions_30072008_2.pdf
Council Resolution - 2008-06-19,2008-06-19,https://chennaicorporation.gov.in/council/resolution/council_resolutions_19062008_1.pdf
Council Resolution - 2008-06-19,2008-06-19,https://chennaicorporation.gov.in/council/resolution/council_resolutions_19062008_2.pdf
Council Resolution - 2008-05-03,2008-05-03,https://chennaicorporation.gov.in/council/resolution/council_resolutions_03052008_1.pdf
Council Resolution - 2008-05-03,2008-05-03,https://chennaicorporation.gov.in/council/resolution/council_resolutions_03052008_2.pdf
Council Resolution - 2008-05-03,2008-05-03,https://chennaicorporation.gov.in/council/resolution/council_resolutions_03052008_3.pdf
Council Resolution - 2008-04-26,2008-04-26,https://chennaicorporation.gov.in/council/resolution/council_resolutions_03-APR-2008.pdf
Council Resolution - 2008-03-14,2008-03-14,https://chennaicorporation.gov.in/council/resolution/council_resolution_14032008.pdf
Council Resolution - 2008-02-29,2008-02-29,https://chennaicorporation.gov.in/council/resolution/council_resolution_29022008_1.pdf
Council Resolution - 2008-02-29,2008-02-29,https://chennaicorporation.gov.in/council/resolution/council_resolution_29022008_2.pdf
Council Resolution - 2008-01-31,2008-01-31,https://chennaicorporation.gov.in/council/resolution/council_resolution_31012008_1.pdf
Council Resolution - 2008-01-31,2008-01-31,https://chennaicorporation.gov.in/council/resolution/council_resolution_31012008_2.pdf
Council Resolution - 2008-01-31,2008-01-31,https://chennaicorporation.gov.in/council/resolution/council_resolution_31012008_3.pdf
Council Resolution - 2007-12-29,2007-12-29,https://chennaicorporation.gov.in/council/resolution/council_resolution_29122007_1.pdf
Council Resolution - 2007-12-29,2007-12-29,https://chennaicorporation.gov.in/council/resolution/council_resolution_29122007_2.pdf
Council Resolution - 2007-11-28,2007-11-28,https://chennaicorporation.gov.in/council/resolution/council_resolution_16112008_2.pdf
Council Resolution - 2007-11-28,2007-11-28,https://chennaicorporation.gov.in/council/resolution/council_resolutions_28112007_1.pdf
Council Resolution - 2007-10-29,2007-10-29,https://chennaicorporation.gov.in/council/resolution/council_resolutions_29102007_1.pdf
Council Resolution - 2007-10-29,2007-10-29,https://chennaicorporation.gov.in/council/resolution/council_resolutions_29102007_2.pdf
Council Resolution - 2007-09-27,2007-09-27,https://chennaicorporation.gov.in/council/resolution/council_resolutions_27092007.pdf
Council Resolution - 2007-08-31,2007-08-31,https://chennaicorporation.gov.in/council/resolution/council_resolutions_31082007_1.pdf
Council Resolution - 2007-08-31,2007-08-31,https://chennaicorporation.gov.in/council/resolution/council_resolutions_31082007_2.pdf
Council Resolution - 2007-07-30,2007-07-30,https://chennaicorporation.gov.in/council/resolution/council_resolutions.pdf
