dept_id,dept,go_no,date,subject,URL
Mg==,Agriculture - Farmers Welfare Department,G.O. (Ms) No. 50,27-02-2026,"Agriculture – Farmers Welfare – Horticulture – Coconut Development Board Schemes – 2025-2026 – Productivity Improvement through Coconut Based Cropping System (PICCS) – 1st Year – Financial sanction accorded for Rs.4,20,00,000 - Orders - Issued.",https://cms.tn.gov.in/cms_migrated/document/GO/agri_e_50_2026.pdf
Mg==,Agriculture - Farmers Welfare Department,G.O. (Ms) No. 43,23-02-2026,"Agriculture - Farmers Welfare – Horticulture – Implementation of Price Support Scheme (PSS) – Procurement of Copra under Price Support Scheme for the year 2026 through National Agricultural Co-operative Marketing Federation of India (NAFED) – Production, Sowing area, average yield, peak arrival / harvesting period – Notified.",https://cms.tn.gov.in/cms_migrated/document/GO/agri_e_43_2026.pdf
Mg==,Agriculture - Farmers Welfare Department,G.O. (Ms) No. 9,09-01-2026,Agriculture – Farmers Welfare – Horticulture – Coconut Development Board assisted schemes – Assistance for quality planting material production in Public Sector Nurseries for an amount of Rs.200.00 lakh – Financial sanction Accorded – Orders – Issued.,https://cms.tn.gov.in/cms_migrated/document/GO/agri_e_9_2026.pdf
Mw==,"Animal Husbandry, Dairying, Fisheries and Fishermen Welfare Department",G.O.(Ms.)No.97,22-07-2026,"Fisheries Fishermen Welfare Constitution of Inter-State District Level Joint Committee to resolve the issues of fishermen of Tamil Nadu Kerala while fishing in Bay of Bengal, Gulf of Mannar, Indian Ocean Arabian Sea Orders Issued.",https://cms.tn.gov.in/cms_migrated/document/GO/ahf_e_97_ms_2026.pdf
Mw==,"Animal Husbandry, Dairying, Fisheries and Fishermen Welfare Department",G.O.(Rt)No.58,16-04-2026,"Animal Husbandry, Dairying, Fisheries and Fishermen Welfare Department – Thiru. K.Senthil Nathan, Under Secretary to Government appointed as Nodal Officer for coordinating with iTNT Hub for implementation of Tamil Nadu Deep Tech Startup Policy( TNDTSP)- Orders Issued.",https://cms.tn.gov.in/cms_migrated/document/GO/ahf_e_58_rt_2026.pdf
Mw==,"Animal Husbandry, Dairying, Fisheries and Fishermen Welfare Department",G.O.(Rt)No.55,06-04-2026,"Animal Husbandry, Dairying, Fisheries and Fishermen Welfare Department – cVIGIL Application – Training regarding the Model Code of Conduct related relaxation cases to be uploaded into the cVIGIL portal – Thiru.A.Selvaraj, Under Secretary to Government appointed as Nodal Officer to handle Model Code of Conduct related relaxation cases - Orders - Issued.",https://cms.tn.gov.in/cms_migrated/document/GO/ahf_e_55_rt_2026.pdf
Mw==,"Animal Husbandry, Dairying, Fisheries and Fishermen Welfare Department",G.O.(Rt)No.35,12-03-2026,"Establishment - Animal Husbandry, Dairying, Fisheries and Fisheremen Welfare Department – State Planning Commission – Innovation Initiatives - coordination and systematic implementation of innovation initiatives within the Department – Selvi.S.Meenalochani, Deputy Secretary to Government - Nominated as Innovation Officer - Orders – Issued.",https://cms.tn.gov.in/cms_migrated/document/GO/ahf_e_35_rt_2026.pdf
Mw==,"Animal Husbandry, Dairying, Fisheries and Fishermen Welfare Department",G.O.(Rt)No.04,22-01-2026,"Establishment – Animal Husbandry, Dairying, Fisheries and Fishermen Welfare Department – Selvi.S.Meenalochani, Deputy Secretary to Government- Appointed as Nodal Officer to participae online orientation workshop for sensitizing the Corporate Social Responsibility (CSR) web portal- Orders Issued.",https://cms.tn.gov.in/cms_migrated/document/GO/ahf_e_4_rt_2026.pdf
MTc=,"Artificial Intelligence, Information Technology and Digital Services Department",G.O.(D)No.02,12-02-2026,"Information Technology and Digital Services Department - Tamil Nadu FibreNet Corporation Limited (TANFINET) – Administrative and Financial sanction for a sum of Rs.49,34,339 to TANFINET towards bandwidth charges for Secretariat Network - Orders – Issued",https://cms.tn.gov.in/cms_migrated/document/GO/it_e_02_2026_D.pdf
NA==,"BC, MBC & Minorities Welfare Department",G.O. (D) No. 23,03-03-2026,"Backward Classes, Most Backward Classes and Minorities Welfare Department -Announcement - Constitution of the Tamil Nadu Waqf Tribunal at Coimbatore - Administrative sanction accorded - Orders – Issued.",https://cms.tn.gov.in/cms_migrated/document/GO/bcmbc_e_23_2026.pdf
NA==,"BC, MBC & Minorities Welfare Department",G.O. Ms. No.14,16-02-2026,"Public Services Special Rules for the Tamil Nadu Backward Classes and Most Backward Classes Welfare Service Re issued as the Tamil Nadu Backward Classes, Most Backward Classes and Minorities Welfare Service Orders Issued.",https://cms.tn.gov.in/cms_migrated/document/GO/bcmbc_ms_14_2026.pdf
NA==,"BC, MBC & Minorities Welfare Department",G.O. Ms. No.15,16-02-2026,"Public Services Special Rules for the Tamil Nadu Backward Classes Welfare Subordinate Service Re issued as the Tamil Nadu Backward Classes, Most Backward Classes and Minorities Welfare Subordinate Service Orders Issued.",https://cms.tn.gov.in/cms_migrated/document/GO/bcmbc_ms_15_2026.pdf
Ng==,Commercial Taxes and Registration Department,G.O.MS.NO.69,07-07-2026,Registration Department - Project STAR 3.0 - Anywhere Registration - Phase-I Mandating two deeds only through Presenceless Registration - Administrative Sanction - Accorded - Orders - Issued.,https://cms.tn.gov.in/cms_migrated/document/GO/ctax_e_69_2026.pdf
NQ==,"Co-operation, Food and Consumer Protection Department",G.O.(Ms). No. 44,19-06-2026,"Cooperation Based on the press release of the Honble Chief Minister of Tamil Nadu, waiving the proposed crop loan outstanding amount of Rs.5,932.23 crore pertaining to farmers who availed crop loans from Cooperative Banks from 01.05.2025 to 28.02.2026 - Orders - Issued",https://cms.tn.gov.in/cms_migrated/document/GO/cfcp_e_44_2026_ms.pdf
OA==,"Environment, Climate Change and Forests Department",G.O.(Rt).No.359,07-08-2026,"Forests - Tamil Nadu Tea Plantation Corporation Limited, - Appointment of Tmt.Kakarla Usha, I.A.S., Additional Chief Secretary to Government, Environment, Climate Change and Forests Department, as the Chairperson of the Tamil Nadu Tea Plantation Corporation Limited - Orders - Issued",https://cms.tn.gov.in/cms_migrated/document/GO/env_e_359_2026.pdf
OA==,"Environment, Climate Change and Forests Department",G.O.(Rt).No.353,06-08-2026,"Forests - Tamil Nadu Tea Plantation Corporation Limited - Appointment of Thiru.A.Udhayan, I.F.S., Principal Chief Conservator of Forests (Head of Forest Force) as a Director representing Forest Department in the Board of Directors of Tamil Nadu Tea Plantation Corporation Limited - Orders - Issued.",https://cms.tn.gov.in/cms_migrated/document/GO/env_e_353_2026.pdf
OA==,"Environment, Climate Change and Forests Department",G.O.(D).No. 144,31-07-2026,"Forests – Appointment of Thiru. Rakesh Kumar Jagenia, IFS., Chief Conservator of Forests (Wildlife) as Nodal Officer for removal of Prosopis Juliflora in forest areas in Tamil Nadu – Orders - Issued.",https://cms.tn.gov.in/cms_migrated/document/GO/env_e_144_D_2026.pdf
OA==,"Environment, Climate Change and Forests Department",G.O.(D).No. 137,16-07-2026,Forests – Supply 500 kgs of ‘C’ grade Red Sanders wood to Tamil Nadu Medicinal Plant Farms and Herbal Medicine Corporation Limited (TAMPCOL) for the purpose of preparation of Siddha Medicine Sathaveri Lehiyam - Permission accorded – Orders - Issued.,https://cms.tn.gov.in/cms_migrated/document/GO/env_e_137_D_2026.pdf
OQ==,Finance Department,Letter No. 15120106/Finance (TAPS)/2026-2,11-09-2026,Tamil Nadu Assured Pension Scheme (TAPS) - Grant of Interim Monthly Payout – Further clarification issued- Regarding,https://cms.tn.gov.in/cms_migrated/document/GO/fin_e_15120106_2026.pdf
OQ==,Finance Department,G.O.(Ms.) No.168,14-08-2026,Interim Monthly Payout/Interim Monthly Family Payout to eligible Government servants retired/ death-in-harness/death after retirement on or after 1.1.2026 – Dearness Relief on the interim payout – Amendment – Orders – Issued.,https://cms.tn.gov.in/cms_migrated/document/GO/fin_e_168_2026.pdf
OQ==,Finance Department,G.O.Ms.No. 152,28-07-2026,Finance Department – Interim Monthly Payout – Sanctioned – Amendment – Orders - Issued,https://cms.tn.gov.in/cms_migrated/document/GO/fin_e_152_2026.pdf
OQ==,Finance Department,G.O.Ms.No.145,24-07-2026,Provident Fund - General Provident Fund (Tamil Nadu) – Rate of interest for the financial year 2026-2027 with effect from 01.07.2026 to 30.09.2026 - Orders – Issued,https://cms.tn.gov.in/cms_migrated/document/GO/fin_e_145_2026.pdf
OQ==,Finance Department,G.O.Ms.No.148,24-07-2026,Finance Department – Revenue Augmentation Committee – To suggest measures for sustainable augmentation of States Tax and Non-Tax revenues – Constituted – Orders – Issued,https://cms.tn.gov.in/cms_migrated/document/GO/fin_e_148_2026.pdf
OQ==,Finance Department,G.O.Ms.No. 133,10-07-2026,"RULES – Tamil Nadu Transparency in Tenders Rules, 2000 – Amendment – Orders – Issued",https://cms.tn.gov.in/cms_migrated/document/GO/fin_e_133_2026.pdf
OQ==,Finance Department,Letter No. 14190711/Finance (TAPS)/ 2026-3,02-07-2026,Pension - Sustenance support to eligible Government servants retiring under the CPS on or after 01.01.2026 till the notification of regular TAPS rules - Interim Payout- Clarification sought for - Issued,https://cms.tn.gov.in/cms_migrated/document/GO/fin_e_14190711_2026_lr.pdf
OQ==,Finance Department,G.O.Ms.No.122,24-06-2026,"MEDICAL AID – New Health Insurance Scheme, 2026 – Provision of Health Care Assistance to the Employees of Government Departments and their eligible family members through the United India Insurance Company Limited, Chennai - Implementation - Orders – Issued",https://cms.tn.gov.in/cms_migrated/document/GO/fin_e_122_2026.pdf
OQ==,Finance Department,G.O.Ms.No.123,24-06-2026,"MEDICAL AID – New Health Insurance Scheme, 2026 for Pensioners (including spouse) / Family Pensioners – Provision of Health Care Assistance to the Pensioners (including spouse) / Family Pensioners through the United India Insurance Company Limited, Chennai – Implementation – Orders – Issued",https://cms.tn.gov.in/cms_migrated/document/GO/fin_e_123_2026.pdf
OQ==,Finance Department,G.O.(Ms).No.111,16-06-2026,Pension –Tamil Nadu Assured Pension Scheme (TAPS) –Framing of rules and procedures– Sustenance support to eligible Government servants retiring on or after 01.01.2026 in the intervening period till the notification of TAPS rules – InterimPayout- Orders - Issued.,https://cms.tn.gov.in/cms_migrated/document/GO/fin_e_111_2026.pdf
OQ==,Finance Department,G.O.Ms.No.98,14-05-2026,PENSION – Dearness Allowance to the Pensioners and Family Pensioners – Enhanced Rate admissible from 1st January 2026 – Orders – Issued.,https://cms.tn.gov.in/cms_migrated/document/GO/fin_e_98_2026.pdf
OQ==,Finance Department,G.O.(Ms) No.92,15-04-2026,Provident Fund - General Provident Fund (Tamil Nadu) – Rate of interest for 1st quarter of the financial year 2026-2027 with effect from 01.04.2026 to 30.06.2026 - Orders – Issued,https://cms.tn.gov.in/cms_migrated/document/GO/fin_e_92_2026.PDF
OQ==,Finance Department,G.O.(Ms) No.46,20-02-2026,General Provident Fund – Withdrawal from the General Provident Fund – Maximum limit – Amendments to rule 15 -B of General Provident Fund (Tamil Nadu) Rules – Issued – Notified,https://cms.tn.gov.in/cms_migrated/document/GO/fin_e_46_2026.pdf
OQ==,Finance Department,G.O.Ms.No.35,04-02-2026,General Provident Fund (GPF) – Sending of GPF Proposals (Final Closure) to Accountant General without obtaining concurrence from the subscribers – Amendment and modification of Annexure-III – Orders – Issued.,https://cms.tn.gov.in/cms_migrated/document/GO/fin_e_35_2026.pdf
OQ==,Finance Department,G.O.(Ms) No.13,19-01-2026,Provident Fund - General Provident Fund (Tamil Nadu) – Rate of interest for the financial year 2025-2026 with effect from 01.01.2026 to 31.03.2026 - Orders – Issued.,https://cms.tn.gov.in/cms_migrated/document/GO/fin_e_13_2026.pdf
OQ==,Finance Department,G.O Ms.No. 10,13-01-2026,Public Procurement - Consolidated instructions for procurement through the Government e Market Place (GeM) - To streamline procedure - Orders - Issued.,https://cms.tn.gov.in/cms_migrated/document/GO/fin_e_10_2026.pdf
OQ==,Finance Department,G.O.Ms.No.2,01-01-2026,"Pongal Festival, 2026 – Grant of Pongal Prize to ‘C’ and ‘D’ Group Pensioners / All Family Pensioners – Sanctioned - Orders - Issued",https://cms.tn.gov.in/cms_migrated/document/GO/fin_e_2_2026.pdf
OQ==,Finance Department,G.O.Ms.No.01,01-01-2026,BONUS – Payment of Ad hoc Bonus and Special Ad hoc Bonus for the Accounting Year 2024–2025 – Sanctioned – Orders – Issued.,https://cms.tn.gov.in/cms_migrated/document/GO/fin_e_1_2026.PDF
MTA=,"Handlooms, Handicrafts, Textiles and Khadi Department",G.O.(Ms) No. 07,19-01-2026,"Handlooms and Textiles – Implementation of Tamil Nadu New Integrated Textile Policy, 2025-26 for the State -Orders - Issued.",https://cms.tn.gov.in/cms_migrated/document/GO/hhtk_e_07_ms_2026.pdf
MTE=,Health and Family Welfare Department,G.O.(MS)No.248,27-08-2026,Health and Family Welfare Department – SimpleGov – Mental Health – Registration of Mental Health Establishments and Mental Health Professionals – Registration through Online – Orders – Issued.,https://cms.tn.gov.in/cms_migrated/document/GO/hfw_e_248_MS_2026.pdf
MTE=,Health and Family Welfare Department,G.O.(MS)No.250,27-08-2026,"National Health Mission-Tamil Nadu – Construction of building for Institute of Child Health and Research Centre, Government Rajaji Hospital, Madurai – Action of the Mission Director, National Health Mission-Tamil Nadu in having permitted the Director of Medical Education and Research, Chennai to revise the scope of building with two floors with pile foundation for five floors – Ratified – Orders i",https://cms.tn.gov.in/cms_migrated/document/GO/hfw_e_250_MS_2026.pdf
MTE=,Health and Family Welfare Department,G.O.(D)No.978,19-08-2026,Health and Family Welfare Department - Deployment of Mobile Service Vans (MSV) to Reduce Vehicle Downtime and Enhance Fleet Availability of 108 Ambulance Services in Tamil Nadu – Orders – Issued.,https://cms.tn.gov.in/cms_migrated/document/GO/hfw_e_978_D_2026.pdf
MTE=,Health and Family Welfare Department,G.O.(2D)No.25,05-08-2026,"Tamil Nadu Health Systems Project – Repair and renovation of CEmONC building at Government Hospital, Chidambaram, Cuddalore District at a cost of Rs.100 lakhs under Tamil Nadu Health System Reform Program world bank funds (the savings available from the Stanley Medical College Hospital Critical Care Block) – Approved by the State Empowered Committee held on 30.01.2026 – Sanctioned - Orders – issue",https://cms.tn.gov.in/cms_migrated/document/GO/hfw_e_25_2D_2026.pdf
MTE=,Health and Family Welfare Department,G.O.(D)No.936,05-08-2026,Ambulance – Two Type-C ambulances procured on M/s. Khivraj Motors to Multi Super Speciality Hospital in Government Pentland Hospital at Vellore and Government Thoothukudi Medical College Hospital - Added to 108 fleet strength – Accepted – Orders – Issued.,https://cms.tn.gov.in/cms_migrated/document/GO/hfw_e_936_D_2026.pdf
MTE=,Health and Family Welfare Department,G.O.(MS)No.233,05-08-2026,National Health Mission – Tamil Nadu – Strengthening of CEmONC centres and Maternal and Child Health Wings – Creation of 194 posts of Assistant Surgeon / Assistant Professor in various specialties – Orders issued – Amendment – Issued.,https://cms.tn.gov.in/cms_migrated/document/GO/hfw_e_233_MS_2026.pdf
MTE=,Health and Family Welfare Department,G.O.(MS)No.231,05-08-2026,"Health and Family Welfare Department - Constitution of Committee to examine and optimize the operational expenses of EMRI GHS, including the revision of the annual salary structure, increment pattern and festival advance for EMRI GHS employees - Orders - Issued.",https://cms.tn.gov.in/cms_migrated/document/GO/hfw_e_231_MS_2026.pdf
MTE=,Health and Family Welfare Department,G.O.(MS)No.228,04-08-2026,Health and Family Welfare Department – Tamil Nadu State Blood Transfusion Council – Blood Transfusion Services – State Level Core committee and District Level Blood Transfusion committee – Constituted – Orders – Issued.,https://cms.tn.gov.in/cms_migrated/document/GO/hfw_e_228_MS_2026.pdf
MTE=,Health and Family Welfare Department,G.O.(MS)No.219,31-07-2026,"National Health Mission-Tamil Nadu – Construction of additional buildings to Government Headquarters Hospital, Dindigul – Action of the Mission Director, National Health Mission-Tamil Nadu in having permitted the Director of Medical and Rural Health Services, Chennai to Modify the design of buildings – Ratified – Orders – Issued.",https://cms.tn.gov.in/cms_migrated/document/GO/hfw_e_219_MS_2026.pdf
MTE=,Health and Family Welfare Department,G.O.(MS)No.221,31-07-2026,Health and Family Welfare Department - Implementation of Advance Medical Directives in the State of Tamil Nadu - Guidelines - Issued.,https://cms.tn.gov.in/cms_migrated/document/GO/hfw_e_221_ms_2026.pdf
MTE=,Health and Family Welfare Department,G.O.(MS)No.215,29-07-2026,"National Health Mission – Construction of building for Institute of Child Health and Research Centre, Government Rajaji Hospital, Madurai – Action of the Mission Director, National Health Mission-Tamil Nadu in having permitted the Director of Medical Education and Research, Chennai to revise the scope of building with two floors with pile foundation for five floors – Ratified – Orders – issued.",https://cms.tn.gov.in/cms_migrated/document/GO/hfw_e_215_MS_2026.pdf
MTE=,Health and Family Welfare Department,G.O.(MS)No.208,24-07-2026,Health and Family Welfare Department - Constitution of Patient Safety and Patient Experience Governance Framework in Government Health Facilities – Orders - Issued.,https://cms.tn.gov.in/cms_migrated/document/GO/hfw_e_208_MS_2026.pdf
MTE=,Health and Family Welfare Department,G.O.(MS)No.205,22-07-2026,"National Health Mission–Tamil Nadu – Sanction and release of State Share against the Grants-in-Aid released by the Government of India towards liquidation of arrears for the year 2024-2025 for implementation of Infrastructure Maintenance, a Centrally Sponsored Plan Scheme during the year 2026-2027 – Orders issued.",https://cms.tn.gov.in/cms_migrated/document/GO/hfw_e_205_MS_2026.pdf
MTE=,Health and Family Welfare Department,G.O.(MS)No.190,14-07-2026,Rules - Tamil Nadu food Safety Subordinate Service - Food Safety Officer in Tamil Nadu Food Safety and Drug Administration Department - Adhoc Rules - Amendment - Orders - Issued.,https://cms.tn.gov.in/cms_migrated/document/GO/hfw_e_190_MS_2026.pdf
MTE=,Health and Family Welfare Department,G.O.(D)No.790,10-07-2026,"Tamil Nadu State Blood Transfusion Council – Matching Grant to Sanction of State share of Rs. 2,39,05,000 (Rupees Two crore thirty nine lakh and five thousand only) to Tamil Nadu State Blood Transfusion Council for the financial year 2025-2026 – Sanctioned – Orders – Issued.",https://cms.tn.gov.in/cms_migrated/document/GO/hfw_e_790_D_2026.pdf
MTE=,Health and Family Welfare Department,G.O.(MS)No.186,10-07-2026,"National Health Mission – Tamil Nadu – Construction of comprehensive hostel building to ANM Training School, Triplicane, Chennai – Sanction – Accorded – Orders – Issued.",https://cms.tn.gov.in/cms_migrated/document/GO/hfw_e_186_MS_2026.pdf
MTE=,Health and Family Welfare Department,G.O.(MS)No.180,07-07-2026,National Health Mission – Tamil Nadu – Change of nomenclature of the post of Medical Officers sanctioned to District Early Intervention Centres – Orders – Issued.,https://cms.tn.gov.in/cms_migrated/document/GO/hfw_e_180_MS_2026.pdf
MTE=,Health and Family Welfare Department,G.O.(2D)No.21,30-06-2026,Tamil Nadu Health Systems Project - Provision of additional fund to Tamil Nadu Medical Services Corporation Limited for procurement of certain equipment sanctioned under Tamil Nadu Health System Reform Program savings fund - Approved by the State Empowered Committee held on 17.11.2025 – Orders Issued - Amendment issued.,https://cms.tn.gov.in/cms_migrated/document/GO/hfw_e_21_2D_2026.pdf
MTE=,Health and Family Welfare Department,G.O.(D)No.734,29-06-2026,Medical Education - Indian Medicine and Homoeopathy - Prospectus Diploma Courses for Integrated Pharmacy and Nursing Therapy in Indian System of Medicine for the Academic Year 2026 2027 - Approved - Orders - Issued.,https://cms.tn.gov.in/cms_migrated/document/GO/hfw_e_734_D_2026.pdf
MTE=,Health and Family Welfare Department,G.O.(MS)No.170,29-06-2026,"Medical Institutions – Identification and initiating action against Unauthorised Institutions / Institutions conducting unapproved courses in Health Sector, including Medicine, Dentistry, Nursing, Pharmacy, Allied and Healthcare, Rehabilitation Sciences, Indian Systems of Medicine (Ayurveda, Siddha, Unani), Homeopathy, Yoga and Naturopathy and Public Health – Standard Operating Procedure – Orders",https://cms.tn.gov.in/cms_migrated/document/GO/hfw_e_170_ms_2026.pdf
MTE=,Health and Family Welfare Department,G.O.(MS)No.168,25-06-2026,"National Health Mission – Tamil Nadu – Vaccines, consumables and other materials supplied by Government of India as Kind / Commodity Grants to State Government for Routine Immunization Programme, National Tuberculosis Elimination Programme and National Viral Hepatitis Control Programme for the year 2025-26 – Sanction and release of commensurate State Share on SNA-SPARSH platform – Orders – Issued.",https://cms.tn.gov.in/cms_migrated/document/GO/hfw_e_168_ms_2026.pdf
MTE=,Health and Family Welfare Department,G.O.(MS)No.169,25-06-2026,National Health Mission – Tamil Nadu – Sanction and release of first Mother Sanction and proportionate State Share for Grants-in-Aid for Pradhan Mantri Ayushman Bharat Health Infrastructure Mission for the Financial Year 2026-2027 on SNA SPARSH platform – Orders – Issued.,https://cms.tn.gov.in/cms_migrated/document/GO/hfw_e_169_ms_2026.pdf
MTE=,Health and Family Welfare Department,G.O.(Ms) No.166,23-06-2026,Public Health - Thaimaaman Thanga Mothiram Thittam (தாய்மாமன் தங்க மோதிரம் திட்டம்) for newborns delivered in the Government institutions - Administrative and financial sanction - Accorded - Orders - Issued,https://cms.tn.gov.in/cms_migrated/document/GO/hfw_e_166_ms_2026.pdf
MTE=,Health and Family Welfare Department,G.O.(D)No.700,15-06-2026,"Health – CSR Activities – Procurement of medical equipment under CSR funding provided by Neyveli Lignite Corporation India Limited for Government Medical College and Hospital, Cuddalore – Permission Accorded – Orders – Issued.",https://cms.tn.gov.in/cms_migrated/document/GO/hfw_e_700_D_2026.pdf
MTE=,Health and Family Welfare Department,G.O.(D)No.687,10-06-2026,"CSR Activities – Ratification of the action of the Superintendent, Government Hospital for Thoracic Medicine, Tambaram Sanatorium, Chennai, in having received one Video Bronchoscope donated by GMMCO through Rotary Club of Chennai Mithra under CSR activities – Orders – Issued.",https://cms.tn.gov.in/cms_migrated/document/GO/hfw_e_687_D_2026.pdf
MTE=,Health and Family Welfare Department,G.O.(D)No.678,09-06-2026,"Medical Education – Indian Medicine and Homoeopathy – Prospectus for UG – BSMS, BAMS, BHMS courses for Management Quota seats in Self Financing Indian Medicine and Homoeopathy Medical Colleges for the Academic Year 2026-2027 – Approved – Orders – Issued.",https://cms.tn.gov.in/cms_migrated/document/GO/hfw_e_678_D_2026.pdf
MTE=,Health and Family Welfare Department,G.O.(D)No.674,08-06-2026,"Medical Education – Indian Medicine and Homoeopathy – Prospectus for UG AUSH Courses in BSMS, BAMS, BUMS, BHMS Government Seats and Government Surrendered Seats for the Academic Year 2026-2027 – Approved – Orders – Issued.",https://cms.tn.gov.in/cms_migrated/document/GO/hfw_e_674_D_2026.pdf
MTE=,Health and Family Welfare Department,G.O.(Ms) No.162,03-06-2026,Public Services -Equivalence of Degrees - 35thMeeting of the Equivalence of Degrees - Non-equivalence of Degrees offered by various Universities /Educational Institutions to the similar Degrees - Recommendation of Equivalence Committee - Approved - Orders- Issued.,https://cms.tn.gov.in/cms_migrated/document/GO/hfw_e_162_ms_2026.pdf
MTE=,Health and Family Welfare Department,G.O.(D)No.614,01-06-2026,Ambulance – One Basic Life Support Ambulance at Kalvarayan Hills to include in the existing fleet strength of 108 services under Tamil Nadu Health Systems Project – Accepted – Orders – Issued.,https://cms.tn.gov.in/cms_migrated/document/GO/hfw_e_614_D_2026.pdf
MTE=,Health and Family Welfare Department,G.O.(MS)No.156,01-06-2026,"Planning and Development – Construction of building to Centre of Excellence for Cancer Disease at Government Arignar Anna Memorial Cancer Hospital, Karapettai, Kancheepuram District – Revised administrative sanction – Accorded – Orders Issued.",https://cms.tn.gov.in/cms_migrated/document/GO/hfw_e_156_ms_2026.pdf
MTE=,Health and Family Welfare Department,G.O.(D)No.607,29-05-2026,Medical Education - Indian Medicine and Homoeopathy - Prospectus for B.N.Y.S (UG) Medical courses for Government Quota for the Academic Year 2026-2027 - Approved - Orders - Issued.,https://cms.tn.gov.in/cms_migrated/document/GO/hfw_e_607_D_2026.pdf
MTE=,Health and Family Welfare Department,G.O.(D)No.608,29-05-2026,Medical Education – Indian Medicine and Homoeopathy – Prospectus for B.N.Y.S (UG) Medical courses for Management Quota for the Academic Year 2026-2027 – Approved – Orders – Issued.,https://cms.tn.gov.in/cms_migrated/document/GO/hfw_e_608_D_2026.pdf
MTE=,Health and Family Welfare Department,G.O.(D)No.596,27-05-2026,Public Health – Taking over of three Garden Hospitals under Tamil Nadu Tea Plantation Corporation Limited (TANTEA) and two Garden Hospitals along with six Dispensaries under Arasu Rubber Corporation Limited (ARC) under the administrative control of the Director of Public Health and Preventive Medicine – Constitution of Merger Committee – Orders – Issued.,https://cms.tn.gov.in/cms_migrated/document/GO/hfw_e_596_D_2026.pdf
MTE=,Health and Family Welfare Department,G.O.(MS)No.153,26-05-2026,Health and Family Welfare – Provision of piped water supply and sewerage in the Government Hospitals under the control of Health and Family Welfare Department in Chennai – Financial sanction accorded – Orders – Issued.,https://cms.tn.gov.in/cms_migrated/document/GO/hfw_e_153_MS_2026.pdf
MTE=,Health and Family Welfare Department,G.O.(MS)No.149,25-05-2026,"National Health Mission-Tamil Nadu – Sanction and release of First Mother Sanction and proportionate State Share for Grants-in-Aid under Flexible Pool for Reproductive and Child Health and Health System Strengthening, National Health Programme and Urban Health Mission under National Health Mission for the financial year 2026-2027 on SNA-SPARSH platform – Orders – Issued.",https://cms.tn.gov.in/cms_migrated/document/GO/hfw_e_149_ms_2026.pdf
MTE=,Health and Family Welfare Department,G.O.(MS)No.150,25-05-2026,"Allied and Healthcare Education – Starting of M.A. Clinical Psychology course at Institute of Mental Health, Chennai – 2026-2027 – Orders issued – Change of Nomenclature – Amendment – Issued",https://cms.tn.gov.in/cms_migrated/document/GO/hfw_e_150_MS_2026.pdf
MTE=,Health and Family Welfare Department,G.O.(MS)No.152,25-05-2026,"Equipment - Procurement of equipment for New Tower Block (G6 Floors, exclusive Quaternary Care Super Specialty Block) at the Institute of Child Health and Hospital for Children, Egmore, Chennai - Issued Administrative Sanction - Financial Sanction - Orders - Issued.",https://cms.tn.gov.in/cms_migrated/document/GO/hfw_e_152_ms_2026.pdf
MTE=,Health and Family Welfare Department,G.O.(MS)No.151,25-05-2026,"Allied and Healthcare Education – Starting of B.Sc. Clinical Psychology (Hons.) course at Institute of Mental Health, Chennai – 2026-2027 – Orders issued – Change of Nomenclature – Amendment – Issued",https://cms.tn.gov.in/cms_migrated/document/GO/hfw_e_151_MS_2026.pdf
MTE=,Health and Family Welfare Department,G.O.(D)No.558,11-05-2026,"Ambulance - Donation Advanced Life Support Ambulance through CSR initiative L and T Valves Limited in Partnership with Hand in Hand India, Little Kancheepuram - Added to existing 108 fleet strength - Accepted - Orders - Issued.",https://cms.tn.gov.in/cms_migrated/document/GO/hfw_e_558_D_2026.pdf
MTE=,Health and Family Welfare Department,G.O.(MS)No.132,30-04-2026,"National Health Mission–Tamil Nadu – Revalidation of unspent balance available in State Share of Grants-in-Aid sanctioned against the vaccines, consumables and other materials supplied by Government of India as Kind / Commodity Grants to State Government for Routine Immunization Programme, Pulse Polio Immunization Programme and National Tuberculosis Elimination Programme in the year 2025-2026 – Or",https://cms.tn.gov.in/cms_migrated/document/GO/hfw_e_132_ms_2026.pdf
MTE=,Health and Family Welfare Department,G.O.(MS)No.131,24-04-2026,"National Health Mission – Tamil Nadu – Vaccines, consumables and other materials supplied by Government of India as Kind / Commodity Grants to State Government for Routine Immunization Programme, Pulse Polio Immunization Programme and National Tuberculosis Elimination Programme for the year 2025-2026 and National Viral Hepatitis Control Programme for the year 2019 to 2024-2025 – Sanction and relea",https://cms.tn.gov.in/cms_migrated/document/GO/hfw_e_131_ms_2026.pdf
MTE=,Health and Family Welfare Department,G.O.(2D)No.12,15-04-2026,"Indian Medicine and Homoeopathy - State AYUSH Society - Tamil Nadu (SAS - TN) - Sanction and release of Mother Sanction of Rs.16,57,25,000 / - (Rs.9,94,35,000 towards Central Share Rs.6,62,90,000 / - towards State Share) of Grants-in-aid under approved activities of State Annual Action Plan (SAAP) under SNA SPARSH platform - Orders - Issued",https://cms.tn.gov.in/cms_migrated/document/GO/hfw_e_12_2D_2026.pdf
MTE=,Health and Family Welfare Department,G.O.(Ms)No.120,14-03-2026,"National Health Mission - Tamil Nadu – Construction of Sewage Treatment Plant and Effluent Treatment Plant at Government Hospital, Tiruchengode, Namakkal District – Administrative and financial sanction – Accorded – Orders issued.",https://cms.tn.gov.in/cms_migrated/document/GO/hfw_e_120_2026.pdf
MTE=,Health and Family Welfare Department,G.O. (Ms.) No.121,14-03-2026,Tamil Nadu Health Systems Project - Tamil Nadu Health Foundation - Establishment of Program Management Unit (PMU) for the Tamil Nadu Health Foundation (TNHF) – Corporate Social Responsibility (CSR) activities to strengthen the existing government Health facilities in Tamil Nadu – Constitution of Program Management Unit (PMU) and to conduct ‘Social Responsibility Drive’ in 8 regions – Sanctioned –,https://cms.tn.gov.in/cms_migrated/document/GO/hfw_e_121_Ms_2026.pdf
MTE=,Health and Family Welfare Department,G.O.(Ms)No.116,14-03-2026,Announcement - Implementation of HPV Vaccination for girls aged 14 years with single-dose regimen of the quadrivalent vaccine - Government and Government-aided schools – Administrative sanction - Accorded - Amendment – Issued.,https://cms.tn.gov.in/cms_migrated/document/GO/hfw_e_116_2026.pdf
MTE=,Health and Family Welfare Department,G.O.(MS)No.119,14-03-2026,Health and Family Welfare - Provision of piped water supply and sewerage in the Government hospitals under the control of Health and Family Welfare Department in Chennai - Administrative sanction accorded - Orders - Issued,https://cms.tn.gov.in/cms_migrated/document/GO/hfw_e_119_MS_2026.pdf
MTE=,Health and Family Welfare Department,G.O.(Ms)No.101,13-03-2026,National Health Mission–Tamil Nadu – Sanction and release of State Share against the Grants-in-Aid released by the Government of India towards liquidation of arrears for the year 2024-2025 on SNA-SPARSH platform for implementation of Infrastructure Maintenance during the year 2025-2026 – Orders – Issued.,https://cms.tn.gov.in/cms_migrated/document/GO/hfw_e_101_2026.pdf
MTE=,Health and Family Welfare Department,G.O.(Ms)No.96,11-03-2026,"Establishment – Creation of 11 Regular posts at an annual recurring expenditure of Rs.82,15,344, 46 Contract posts at an annual recurring expenditure of Rs.1,04,36,400 and redeployment of 2 posts to the Government R.S.R.M. Lying-in Hospital, Royapuram, Chennai – Sanction – Orders – Issued.",https://cms.tn.gov.in/cms_migrated/document/GO/hfw_e_96_2026.pdf
MTE=,Health and Family Welfare Department,G.O.(Ms)No.95,11-03-2026,National Health Mission – Tamil Nadu – Vaccines and other consumables supplied by Government of India as Kind / Commodity Grants to State Government for Routine Immunization and Pulse Polio Immunization Programmes under Reproductive and Child Health Project and National Tuberculosis Elimination Programme for the Financial Year 2025-2026 – Sanction release of commensurate State Share on SNA-SPARSH,https://cms.tn.gov.in/cms_migrated/document/GO/hfw_e_95_2026.pdf
MTE=,Health and Family Welfare Department,G.O.(Ms)No.94,11-03-2026,"Establishment – Revival of two Nursing Superintendent Grade –II posts sanctioned to Rajiv Gandhi Government General Hospital and redeployment of one Nursing Superintendent Grade –I post from Government Medical College and ESI Hospital, Coimbatore and two Nursing Superintendent Grade –II posts from Rajiv Gandhi Government General Hospital to National Centre of Ageing, Guindy, Chennai - Sanctioned –",https://cms.tn.gov.in/cms_migrated/document/GO/hfw_e_94_2026.pdf
MTE=,Health and Family Welfare Department,G.O. (D) No.366,10-03-2026,"Tamil Nadu Health Systems Project – An additional fund of Rs.23,00,000 for the payment of Electricity Charges – Sanctioned - Orders – Issued.",https://cms.tn.gov.in/cms_migrated/document/GO/hfw_e_366_D_2026.pdf
MTE=,Health and Family Welfare Department,Letter No.11360419,08-03-2026,"Special Children and adults with Autism, ADHD Cerebral Palsy Down Syndrome and Multiple Disabilities - Extension of priority services in healthcare facilities - Advisory - Issued.",https://cms.tn.gov.in/cms_migrated/document/GO/hfw_e_11360419_2026.pdf
MTE=,Health and Family Welfare Department,G.O.(Ms).No.88,07-03-2026,"Establishment – Construction of building for the establishment of a Multi-Speciality Centre at Rajiv Gandhi Government General Hospital, Chennai– Creation of posts and procurement of equipment – Administrative Sanction accorded – Orders – Issued.",https://cms.tn.gov.in/cms_migrated/document/GO/hfw_e_88_2026.pdf
MTE=,Health and Family Welfare Department,G.O.(Ms)No.83,06-03-2026,Medical Education - Mental Health Policy for Educational Institutions in Tamil Nadu - Orders - Issued,https://cms.tn.gov.in/cms_migrated/document/GO/hfw_e_83_2026.pdf
MTE=,Health and Family Welfare Department,G.O.(MS)No.86,06-03-2026,Child Health – Infant Mortality Rate – Reduction of Infant Mortality Rate (IMR) in Tamil Nadu – Revamping of State Level Task Force Committee and District Level Task Force Committee for reduction of Infant Mortality Rate – Orders – Issued.,https://cms.tn.gov.in/cms_migrated/document/GO/hfw_e_86_MS_2026.pdf
MTE=,Health and Family Welfare Department,G.O.(MS)No.83,06-03-2026,Medical Education – Mental Health Policy for Educational Institutions in Tamil Nadu – Orders – Issued.,https://cms.tn.gov.in/cms_migrated/document/GO/hfw_e_83_ms_2026.pdf
MTE=,Health and Family Welfare Department,G.O.(D)No.300,04-03-2026,"Establishment – Further Continuance for 16 temporary posts and Revival for 8 temporary posts of various categories sanctioned to Tamil Nadu Government Dental College and Hospital, Chennai – Orders – Issued.",https://cms.tn.gov.in/cms_migrated/document/GO/hfw_e_300_2026.pdf
MTE=,Health and Family Welfare Department,G.O.(MS)No.78,04-03-2026,"Allied and Healthcare course – To start B.Sc. Clinical Psychology (Hons.) at the Institute of Mental Health, Chennai with an annual intake of 20 seats from the academic year 2026-2027 – Permission – Granted – Orders issued",https://cms.tn.gov.in/cms_migrated/document/GO/hfw_e_78_MS_2026.pdf
MTE=,Health and Family Welfare Department,G.O.(Ms)No.77,04-03-2026,"Equipment – Procurement of equipment for New Tower Block (G 6 floors, exclusive Quaternary Care Super Specialty Block) at the Institute of Child Health and Hospital for Children, Egmore, Chennai – Administrative Sanction – Orders – Issued",https://cms.tn.gov.in/cms_migrated/document/GO/hfw_e_77_2026.pdf
MTE=,Health and Family Welfare Department,G.O.(Ms)No.72,03-03-2026,"National Health Mission–Tamil Nadu – Provision of new Mortuary Building to Government Hospital, Singampunari, Sivagangai District – Administrative and financial sanction – Accorded – Orders Issued.",https://cms.tn.gov.in/cms_migrated/document/GO/hfw_e_72_2026.pdf
MTE=,Health and Family Welfare Department,G.O.(Ms)No.73,03-03-2026,"Prime Minister Ayushman Bharat Health Infrastructure Mission (PM-ABHIM) – Construction of additional two (2) staircases in 50 bedded Critical Care Block in Government Medical College Hospital, Sivagangai at a total cost of Rs.1,05,60,000 – Administrative and financial sanction – Accorded - Orders – Issued.",https://cms.tn.gov.in/cms_migrated/document/GO/hfw_e_73_2026.pdf
MTE=,Health and Family Welfare Department,G.O.(Ms)No.68,27-02-2026,ABSTRACT National Health Mission – Tamil Nadu – Vaccine and other consumables supplied by Government of India as Kind / Commodity Grants to State Government for Routine Immunization Programme under Reproductive and Child Health Project and National Tuberculosis Elimination Programme for the Financial Year 2025-2026 – Sanction and release of commensurate State Share on SNA-SPARSH platform – Orders,https://cms.tn.gov.in/cms_migrated/document/GO/hfw_e_68_2026 (2).pdf
MTE=,Health and Family Welfare Department,G.O.(Ms)No.69,27-02-2026,"National Health Mission – Tamil Nadu – Provision of additional amenities to Tamil Nadu Institute of Mental Health and Neuro Sciences (TNIMHANS), Chennai – Sanction accorded – Orders Issued.",https://cms.tn.gov.in/cms_migrated/document/GO/hfw_e_69_2026.pdf
MTE=,Health and Family Welfare Department,G.O.(Ms)No.62,26-02-2026,"National Health Mission–Tamil Nadu – Establishment of Master Dental Check-up Unit (MDCU) in the Tamil Nadu Government Dental College and Hospital, Chennai – Administrative and financial sanction accorded – Orders Issued.",https://cms.tn.gov.in/cms_migrated/document/GO/hfw_e_62_2026.pdf
MTE=,Health and Family Welfare Department,G.O. (D) No. 262,25-02-2026,"Institute of Child Health and Hospital for Children, Chennai - Building of New Tower Block (Exclusive Quaternary Care Super Specialty Block) – Change the name of the New Tower Block as “Advanced Centre for Hemato-Oncology and Transplantation.” “இரத்தப் புற்றுநோய் மற்றும் உறுப்பு மாற்று உயர் சிகிச்சை மையம்” – Orders – Issued.",https://cms.tn.gov.in/cms_migrated/document/GO/hfw_e_262_D_2026.pdf
MTE=,Health and Family Welfare Department,G.O.(MS)No.61,25-02-2026,"Establishment - Nazaerthpet, Thiruvallur District - Trauma Critical Care Centres - Sanction of Human Resources - Orders - Issued.",https://cms.tn.gov.in/cms_migrated/document/GO/hfw_e_61_ms_2026.pdf
MTE=,Health and Family Welfare Department,G.O.(Ms)No.60,24-02-2026,Health and Family Welfare Department – Renaming of Health Management Information System (HMIS) 3.0 as இ-நலம் (E-Health) - Orders - Issued.,https://cms.tn.gov.in/cms_migrated/document/GO/hfw_e_60_2026.pdf
MTE=,Health and Family Welfare Department,G.O.(MS)No.59,23-02-2026,Health and Family Welfare Department – Re-naming of newly constructed Hospitals in Vellore and Thoothukudi – Orders issued - Erratum - Issued.,https://cms.tn.gov.in/cms_migrated/document/GO/hfw_e_59_MS_2026.pdf
MTE=,Health and Family Welfare Department,G.O.(Ms)No.58,20-02-2026,"Allied and Healthcare course - To start M.A. Clinical Psychology Course at Institute of Mental Health, Chennai with an annual intake of 18 seats from the academic year 2026-2027 - Permission - Granted - Orders - Issued.",https://cms.tn.gov.in/cms_migrated/document/GO/hfw_e_58_2026.pdf
MTE=,Health and Family Welfare Department,G.O.(Ms)No.57,20-02-2026,"National Health Mission – Tamil Nadu – Provision of additional amenities to the Government Peripheral Hospital, Sholinganallur, Chennai – Administrative and financial sanction accorded – Orders Issued.",https://cms.tn.gov.in/cms_migrated/document/GO/hfw_e_57_2026.pdf
MTE=,Health and Family Welfare Department,G.O.(Ms)No.55,19-02-2026,Health and Family Welfare Department – Revamping of State Health Systems Resource Centre-Tamil Nadu – Orders Issued.,https://cms.tn.gov.in/cms_migrated/document/GO/hfw_e_55_2026.pdf
MTE=,Health and Family Welfare Department,G.O.(Ms) No.50,18-02-2026,"Establishment - Redeployment of one post of Professor in Dermato Venero Leprosy department from Madras Medical College, Chennai to Government Vellore Medical College, Vellore – Orders - Issued.",https://cms.tn.gov.in/cms_migrated/document/GO/hfw_50_e_2026.pdf
MTE=,Health and Family Welfare Department,G.O.(Ms)No.51,18-02-2026,"Establishment – Creation of 81 posts of various categories 30 Regular posts on permanent basis and 51 Contract posts with an annual expenditure of Rs.4,33,61,184 and redeployment of 6 posts to Sholinganallur Government Peripheral Hospital, Chennai – Sanctioned – Orders – Issued.",https://cms.tn.gov.in/cms_migrated/document/GO/hfw_e_51_2026.pdf
MTE=,Health and Family Welfare Department,G.O.(D). No.213,17-02-2026,Tamil Nadu Helath Systems Project - EMS - Procurement of 25 Trax ambulances with medical equipment along with minor modifications in tribal/hilly areas in various districts under Tribal funds - Donated by Directorate of Tribal Welfare Department - to include in the existing 108 fleet strength - Permission - Granted - Orders - Issued.,https://cms.tn.gov.in/cms_migrated/document/GO/hfw_e_213_D_2026.pdf
MTE=,Health and Family Welfare Department,G.O. (D) No.215,17-02-2026,"Tamil Nadu Health System Reform Program – Demolition of old buildings and construction of new buildings – OP Block/Academic Block/Gents Hostel at Government Siddha Medical College, Palayamkottai, Tirunelveli District – Administrative sanction for Rs.34,63,40,000 and financial sanction for Rs.27,85,05,000 – Orders – Issued.",https://cms.tn.gov.in/cms_migrated/document/GO/hfw_e_215_D_2026.pdf
MTE=,Health and Family Welfare Department,G.O.(Ms)No.43,16-02-2026,"Building – Construction of HT Room for Bio-Safety Level–III facilities at a cost of Rs.150.00 Lakh at King Institute of Preventive Medicine and Research, Guindy, Chennai – Administrative sanction for a sum of Rs.150 Lakh and Financial sanction for a sum of Rs.30 Lakh – Accorded – Orders – Issued.",https://cms.tn.gov.in/cms_migrated/document/GO/hfw_e_43_2026.pdf
MTE=,Health and Family Welfare Department,G.O.(Ms)No.47,16-02-2026,National Health Mission – Tamil Nadu – Vaccines and other consumables supplied by Government of India as Kind / Commodity Grants to State Government for Routine Immunization Programme for the year 2025-2026 – Sanction and release of commensurate State Share on SNA-SPARSH platform – Orders – Issued.,https://cms.tn.gov.in/cms_migrated/document/GO/hfw_e_47_2026.pdf
MTE=,Health and Family Welfare Department,G.O.(D)No.192,13-02-2026,Establishment – Tamil Nadu Public Health Services – Revival of three temporary posts of Joint State Maternal and Child Health Officer – Orders – Issued.,https://cms.tn.gov.in/cms_migrated/document/GO/hfw_e_192_2026_D.pdf
MTE=,Health and Family Welfare Department,G.O.(D)No.192,13-02-2026,Establishment – Tamil Nadu Public Health Services – Revival of three temporary posts of Joint State Maternal and Child Health Officer – Orders – Issued.,https://cms.tn.gov.in/cms_migrated/document/GO/hfw_e_192_2026.pdf
MTE=,Health and Family Welfare Department,G.O.(Ms)No.41,13-02-2026,"Health and Family Welfare Department – SimpleGov - Tamil Nadu Clinical Establishment Act (TNCEA) - Simplification of process related to Registration and Renewal of Medical institutions under the Tamil Nadu Clinical Establishments (Regulation) Rules, 2018 – Recommendation of the Empowered Committee - Orders – Issued.",https://cms.tn.gov.in/cms_migrated/document/GO/hfw_e_41_2026.pdf
MTE=,Health and Family Welfare Department,G.O.(Ms)No.42,13-02-2026,"National Health Mission - Tamil Nadu – Establishment of Modern Kitchen in Districts Headquarters Hospitals, Erode, Cuddalore, Mannargudi, Kovilpatti and Tenkasi – Administrative and financial sanction – Accorded – Orders – Issued.",https://cms.tn.gov.in/cms_migrated/document/GO/hfw_e_42_2026.pdf
MTE=,Health and Family Welfare Department,G.O.(D) No.186,13-02-2026,"Establishment - Revival of one temporary post of Reader in Nursing attached to College of Nursing, Madurai Medical College, Madurai - Orders - Issued.",https://cms.tn.gov.in/cms_migrated/document/GO/hfw_186_e_2026_D.pdf
MTE=,Health and Family Welfare Department,G.O.(D) No.187,13-02-2026,"Establishment – Revival of one temporary post of Vice Principal and one temporary post of Associate Professor/Reader sanctioned to the College of Nursing at Government Chengalpattu Medical College Hospital, Chengalpattu – Orders - Issued.",https://cms.tn.gov.in/cms_migrated/document/GO/hfw_187_e_2026_D.pdf
MTE=,Health and Family Welfare Department,G.O.(Ms)No.39,11-02-2026,"Establishment – Utilisation of the Isolation Block constructed for Corona and other virus diseases at Government Hospital for Thoracic Medicine, Tambaram, for establishing Madras Medical College, Tambaram Campus and Centre for Hospice Care – Permission accorded – Orders – Issued.",https://cms.tn.gov.in/cms_migrated/document/GO/hfw_e_39_2026.pdf
MTE=,Health and Family Welfare Department,G.O.(D) No.174,11-02-2026,"Establishment – Revival of four posts of Counsellor (Grief) attached to Government Thanjavur Medical College Hospital, Thanjavur, Government Stanley Hospital, Chennai, Government Tirunelveli Medical College Hospital, Tirunelveli and Government Rajaji Hospital, Madurai and further continuance for three posts upto 31.12.2030 - Orders - Issued.",https://cms.tn.gov.in/cms_migrated/document/GO/hfw_174_e_2026_D.pdf
MTE=,Health and Family Welfare Department,G.O.(Ms)No.40,11-02-2026,"Institute of Neuro Science - Buildings – Construction of 5th to 10th floors over the proposed 4th floor of the Neuroscience Block at Rajiv Gandhi Government General Hospital, Chennai – Administrative and Financial Sanction – Accorded - Orders –Issued",https://cms.tn.gov.in/cms_migrated/document/GO/hfw_e_40_2026.pdf
MTE=,Health and Family Welfare Department,G.O.(D) No.168,10-02-2026,Establishment – Revival and further continuance of Prosthetic Technician Grade-II posts attached to 11 Medical Institutions under the control of the Directorate of Medical Education and Research - Orders - Issued.,https://cms.tn.gov.in/cms_migrated/document/GO/hfw_168_e_2026_D.pdf
MTE=,Health and Family Welfare Department,G.O.(Ms)No.38,10-02-2026,Establishment - Conversion of 150 contract Staff Nurse posts into Regular Time Scale of Pay and creation of 64 Staff Nurse posts in Regular Time Scale of Pay in various Government Medical College and Hospitals - Administrative and Financial Sanction accorded – Orders - Issued.,https://cms.tn.gov.in/cms_migrated/document/GO/hfw_e_38_2026.pdf
MTE=,Health and Family Welfare Department,G.O. (Ms) No.37,09-02-2026,"Tamil Nadu Health System Reform Program - Rs.4,93,84,000 towards procurement of medical gas pipeline and medical equipment for neuro science block at Rajiv Gandhi Government General Hospital, Chennai - Sanctioned - Orders - Issued.",https://cms.tn.gov.in/cms_migrated/document/GO/hfw_e_37_Ms_2026.pdf
MTE=,Health and Family Welfare Department,G.O.(D). No.167,09-02-2026,"Tamil Nadu Health Systems Project - Chief Minister Comprehensive Health Insurance Scheme - KH and 12H policy period - of Rs.1,30,66,820 sanctioned from Chief Minster 39 Comprehensive Health Insurance Scheme corpus fund - Orders - Issued.",https://cms.tn.gov.in/cms_migrated/document/GO/hfw_e_167_D_2026.pdf
MTE=,Health and Family Welfare Department,G.O.(D)No.165,09-02-2026,"Indian Medicine and Homoeopathy - Sanction of additional fund of Rs.3,34,85,132 towards meeting out the expenditure of international Institute of Yoga and Naturopathy Medical Sciences, Changalpattu - Accorded - Orders - Issued.",https://cms.tn.gov.in/cms_migrated/document/GO/hfw_e_165_D_2026.pdf
MTE=,Health and Family Welfare Department,G.O.(MS)No.33,04-02-2026,"RULES - Health and Family Welfare Department - Tamil Nadu Food Safety and Drug Administration - Tamil Nadu Food Safety Service - Temporary posts of Director-cum-Additional Commissioner of Food Safety, Deputy Director Grade-II (Regulatory and Compliance) and Designated Officer - Ad-hoc Rules – Issued",https://cms.tn.gov.in/cms_migrated/document/GO/hfw_e_33_ms_2026.pdf
MTE=,Health and Family Welfare Department,G.O.(Ms) No.28,30-01-2026,"Buildings - Kanyakumari Government Medical College Hospital, Asaripallam in Kanyakumari District - Increase of MBBS seats under the Centrally Sponsored Scheme for Upgradation of existing State Government - Central Government Medical College to increase MBBS seats in the country - Construction of Common Room for Boys and Common Room for Girls - Administrative and Financial sanction accorded - Order",https://cms.tn.gov.in/cms_migrated/document/GO/hfw_e_28_2026.pdf
MTE=,Health and Family Welfare Department,G.O.(D). No.133,30-01-2026,"Tamil Nadu Health System Reform Program (TNHSRP) - Supported by World Bank - Procurement of equipment at a cost of Rs.24,59,18,921 to the proposed Broad Specially Block at Mahatma Gandhi Memorial Government Hospital, Trichy district through Tamil Nadu Medical Services Corporation Limited - Sanctioned - Orders - Issued.",https://cms.tn.gov.in/cms_migrated/document/GO/hfw_e_133_D_2026.pdf
MTE=,Health and Family Welfare Department,G.O.(MS)No.27,29-01-2026,Health and Family Welfare Department – Development of Human Resources for Health Strategy in Tamil Nadu – Constitution of State Level Steering Committee – Orders Issued.,https://cms.tn.gov.in/cms_migrated/document/GO/hfw_e_27_2026.pdf
MTE=,Health and Family Welfare Department,G.O. (D). No.128,29-01-2026,Tamil Nadu Health System Program - Endorsement Premium for 4th quarter of 14H Policy Year and 1st of 15H Policy Year to be paid to the M/s. United India Insurance Company Limited for implementation of Nammai Kakkum 48 scheme - Additional fund of Rs.20.00 crore - Sanctioned - Orders - Issued.,https://cms.tn.gov.in/cms_migrated/document/GO/hfw_e_128_D_2026.pdf
MTE=,Health and Family Welfare Department,Letter e. No.177,27-01-2026,Public Health - Registration name in the Birth record Extension of period for entering the name in the Birth record upto 26.09.2026 Permission granted Regarding,https://cms.tn.gov.in/cms_migrated/document/GO/hfw_e_177_2026_Lr.pdf
MTE=,Health and Family Welfare Department,G.O.(MS)No.22,27-01-2026,Health and Family Welfare – Allotment of space for establishment of Millet canteens in District Headquarters Government Hospitals / Government Hospitals and Government Medical College Hospitals through Women Self-Help Groups under Tamil Nadu State Rural Livelihood Mission / Tamil Nadu Corporation for Development of Women Limited – Orders – Issued.,https://cms.tn.gov.in/cms_migrated/document/GO/hfw_e_22_MS_2026.pdf
MTE=,Health and Family Welfare Department,G.O.(Ms)No.21,27-01-2026,"Establishment - Creation of 4 posts of Assistant Professor on regular basis and 18 posts of Staff Nurse on contract basis with an annual expenditure of Rs.9056496 for the Institute of Nephrology, Madras Medical College, Chennai and Paediatric Nephrology unit, Institute of Child Health and Hospital for Children, Egmore, Chennai Sanctioned - Orders - Issued.",https://cms.tn.gov.in/cms_migrated/document/GO/hfw_e_21_2026.pdf
MTE=,Health and Family Welfare Department,G.O.(MS)No.14,23-01-2026,"National Health Mission-Tamil Nadu – Government District Headquarters Hospital - Construction of a new comprehensive building in Government Hospital, Rasipuram, Namakkal District at a total cost of Rs.53.39 crore – Revised administrative sanction – Accorded - Orders – Issued.",https://cms.tn.gov.in/cms_migrated/document/GO/hfw_e_14_2026.pdf
MTE=,Health and Family Welfare Department,G.O.(D) No.99,22-01-2026,"Establishment - Revival of one temporary post of Reader in Nursing and two temporary posts of Lecturer in Nursing attached to College of Nursing in Government Theni Medical College, Theni - Orders - Issued.",https://cms.tn.gov.in/cms_migrated/document/GO/hfw_99_e_2026_D.pdf
MTE=,Health and Family Welfare Department,G.O.(Ms)No.13,22-01-2026,Establishment - Revival of five Temporary post of Nursing Superintendent Grade II attached to various Medical Institutions under the control of the Director of Medical Education and Research - Sanction accorded - Orders - issued.,https://cms.tn.gov.in/cms_migrated/document/GO/hfw_e_13_2026.pdf
MTE=,Health and Family Welfare Department,G.O. (Ms) No.12,21-01-2026,"Health and Family Welfare - Memorandum of Understanding between the Government of Tamil nadu and Dementia India Alliance, National Non-Governmental Organization, Bengaluru - Approved - Orders - Issued.",https://cms.tn.gov.in/cms_migrated/document/GO/hfw_e_12_Ms_2026.pdf
MTE=,Health and Family Welfare Department,G.O.(D)No.98,21-01-2026,"Planning and Development - Indian Medicine and Homoeopathy Department - Budget Estimate for the year 2025 - 2026 - Payment of Fees to students under 7.5 Percent on preferential basis - Sanction of additional fund of Rs.14,12,119/ - - Accorded - Orders - Issued",https://cms.tn.gov.in/cms_migrated/document/GO/hfw_e_98_D_2026.pdf
MTE=,Health and Family Welfare Department,G.O. (Ms) No.11,20-01-2026,"Tamil Nadu Health System Reform Program - Special repairs to the Pay ward at ICH, Egmore - Procurement of Furniture and other items at a cost of Rs.7,14,387 Revalidation - Orders - Issued.",https://cms.tn.gov.in/cms_migrated/document/GO/hfw_e_11_Ms_2026.pdf
MTE=,Health and Family Welfare Department,G.O.(D)No.86,20-01-2026,"CSR Activities – Permission to accept an amount of Rs.1,15,49,000/ under CSR Scheme and also to execute the works relating to renovation of Labour Ward and establishment of cancer ward in Institute of Obstetrics and Gynaecology and Government Hospital for Women and Children, Chennai by the Public Works Department authorities through a Memorandum of Understanding with Kamarajar Port Limited, Chenna",https://cms.tn.gov.in/cms_migrated/document/GO/hfw_e_86_D_2026.pdf
MTE=,Health and Family Welfare Department,G.O.(MS)No.08,19-01-2026,National Health Mission – Tamil Nadu – Vaccines and other consumables supplied by Government of India as Kind / Commodity Grants to State Government for Routine Immunization Programme and National Tuberculosis Elimination Programme for the year 2025-2026 – Sanction and release of commensurate State Share on SNA-SPARSH platform – Orders – Issued.,https://cms.tn.gov.in/cms_migrated/document/GO/hfw_e_08_2026.pdf
MTE=,Health and Family Welfare Department,G.O.(MS)No.09,19-01-2026,"National Health Mission–Tamil Nadu – Establishment of District Early Intervention Centre in District Headquarters Hospital, Mayiladuthurai under Rashtriya Bal Swasthya Karyakram (RBSK) Programme – Administrative and financial sanction accorded –Second and final instalment of financial sanction – Accorded – Orders – Issued.",https://cms.tn.gov.in/cms_migrated/document/GO/hfw_e_09_2026.pdf
MTE=,Health and Family Welfare Department,G.O.(Ms)No.05,13-01-2026,"Establishment -Revival of one temporary post of Reader in Nursing and one temporary post of Lecturer in Nursing sanctioned to College of Nursing, Madras Medical College, Chennai Sanction accorded - Orders - issued",https://cms.tn.gov.in/cms_migrated/document/GO/hfw_e_05_2026.pdf
MTE=,Health and Family Welfare Department,G.O.(D) No.70,13-01-2026,Establishment – Revival of 8 permanent posts and 77 temporary posts of Nursing Tutor Grade-II attached to School of Nursing / College of Nursing sanctioned to various institutions under the control of the Directorate of Medical Education and Research - Orders - Issued.,https://cms.tn.gov.in/cms_migrated/document/GO/hfw_e_70_2026_D.pdf
MTE=,Health and Family Welfare Department,G.O.(Ms)No.02,02-01-2026,Medical Assistance – Life Sustaining Immunosuppressive Drugs to the patients who have undergone Organ (Heart / Liver / Kidney) Transplantation Surgery at Government Hospitals and Private Hospitals – Supply of Immunosuppressive Medicines at Government Hospitals at free of cost – Delegation of powers to Deans – Orders - Issued.,https://cms.tn.gov.in/cms_migrated/document/GO/hfw_e_02_2026.pdf
MTI=,Higher Education Department,G.O.(D).No.144,18-06-2026,Collegiate Education - Colleges of Education - Guidelines for admission of students to B.Ed / M.Ed courses in Government / Government Aided and Self Financing Colleges of Education for the year 2026-27- Orders - Issued.,https://cms.tn.gov.in/cms_migrated/document/GO/hedu_e_ 144_D_2026.pdf
MTI=,Higher Education Department,G.O.(Ms).No.102,16-06-2026,Public Services - Equivalence of Degrees - Equivalence of Degrees offered by various Universities / Educational Institutions to the similar Degrees - Recommendations of 42nd Equivalence Committee - Approved - Orders - Issued.,https://cms.tn.gov.in/cms_migrated/document/GO/hedu_e_102_ms_2026.pdf
MTI=,Higher Education Department,G.O.(Ms).No.103,16-06-2026,Public Services - Equivalence of Degrees - Non-Equivalence of Degrees offered by various Universities / Educational Institutions to the similar Degrees - Recommendations of 42nd Equivalence Committee - Approved - Orders - Issued.,https://cms.tn.gov.in/cms_migrated/document/GO/hedu_e_103_ms_2026.pdf
MTI=,Higher Education Department,G.O.(D).No.83,14-03-2026,Technical Education - Engineering Colleges - Admission to M.E/M.Tech./ M.Arch. /M.Plan - GATE / CEETA - PG Category - Counseling for the Academic Year 2025-2026- Guidelines for Admission and Constitution of Co-ordination Committee for Common Engineering Admission Procedure (CEAP) degree programmes in Tamil Nadu for the academic year 2026-2027 - Orders - Issued,https://cms.tn.gov.in/cms_migrated/document/GO/hedu_e_83_D_2026.pdf
MTI=,Higher Education Department,G.O.(Ms).No.79,10-03-2026,Equivalence - Replacing of the existing system of granting equivalence for degree courses based on content similarity with a new grouping-based equivalence framework - Orders - Issued,https://cms.tn.gov.in/cms_migrated/document/GO/hedu_e_79_ms_2026.pdf
MTI=,Higher Education Department,G.O.(1D).No.43,25-02-2026,Technical Education - Tamil Nadu Engineering Admission (TNEA) 2026 - Admission to first year B.Ε./ B.Tech./ B.Arch. for the academic year 2026-27 through Online Counselling - Constitution of Co-ordination Committee - Orders - Issued.,https://cms.tn.gov.in/cms_migrated/document/GO/hedu_e_43_D_2026.pdf
MTI=,Higher Education Department,G.O.(1D).No.39,19-02-2026,"Technical Education - Tamil Nadu Engineering Admissions (TNEA) to Part-Time B.E., Lateral Entry B.E., / B.Tech. and PG-MBA / MCA Degree Programmes - Conduct of Online Counselling from the year 2026-27 to 2028-29 - Permission - Orders - Issued.",https://cms.tn.gov.in/cms_migrated/document/GO/hedu_e_39_D_2026.pdf
MTI=,Higher Education Department,G.O.(1D).No.38,19-02-2026,Technical Education - Government / Government Aided / Self Financing Engineering / Arts and Science Colleges / Annamalai University and other Universities and Stand Alone Institutions in Tamil Nadu - Admission to AICTE approved MBA / MCA Degree programmes for the academic years from 2026-27 to 2028-29 - Constitution of Co-ordination Committee - Orders - Issued.,https://cms.tn.gov.in/cms_migrated/document/GO/hedu_e_38_D_2026.pdf
MTI=,Higher Education Department,G.O.(Ms).No.53,19-02-2026,Announcement 2025-26 - Upliftment of Anna University as one of the Top 10 institutions in the Country and Top 150 in the QS Rankings within the next 5 years from the Financial Year 2025-26 Administrative Sanction for a sum of Rs.1380.20 Crore and to release a sum of Rs.75.00 Crore in the Financial Year 2025-26 (1st year) - Accorded -Amendment - Orders - Issued.,https://cms.tn.gov.in/cms_migrated/document/GO/hedu_e_53_ms_2026.pdf
MTI=,Higher Education Department,G.O.(Ms).No.44,12-02-2026,"Higher Education - Development of laboratory infrastructure in Government Higher Education Institutions for the establishment of Learning Management System LMS Integrated with Enterprise Resource Planning (ERP) Software for all Higher Education Institutions in the State of Tamil Nadu - Financial sanction for a sum of Rs.22,89,00,000 - Accorded - Orders - Issued.",https://cms.tn.gov.in/cms_migrated/document/GO/hedu_e_44_ms_2026.pdf
MTI=,Higher Education Department,G.O.(Ms).No.45,12-02-2026,"Higher Education - Announcement made by Honble Minister for Higher Education for the year 2023-24 - Establishment of Learning Management System (LMS) Integrated with Enterprise Resource Planning (ERP) Software for all Higher Education Institutions in the State of Tamil Nadu - Financial sanction for a sum of Rs 154,53,83,395 towards the procurement of Hardware for Government Engineering, Polytechni",https://cms.tn.gov.in/cms_migrated/document/GO/hedu_e_45_ms_2026.pdf
MTI=,Higher Education Department,G.O.(1D).No.31,10-02-2026,Technical Education - Admission to the Professional Courses in Engineering and Medicine under Eminent Sports Persons Category for a period of three years from the academic year 2026-27 to 2028-29 - Constitution of Common Committee - Orders -Issued.,https://cms.tn.gov.in/cms_migrated/document/GO/hedu_e_31_D_2026.pdf
MTI=,Higher Education Department,G.O.(Ms).No.38,09-02-2026,"Higher Education - Procurement of 19,140 Number of Tables and Chairs as part of Establishment of Learning Management System (LMS) Integrated with Enterprise Resource Planning (ERP) Software for all Higher Education Institutions in the State of Tamil Nadu - Sanction of funds for a sum of Rs.15,19,62,260 - Accorded - Orders - Issued",https://cms.tn.gov.in/cms_migrated/document/GO/hedu_e_38_ms_2026.pdf
MTI=,Higher Education Department,G.O.(Ms).No.24,30-01-2026,"Budget Announcement 2025-26 - Establishment of Advanced Industrial Equipment Facility (AIEF) related to Industrial Technologies in 3 Government Engineering Colleges viz., Government College of Technology, Coimbatore, Government College of Engineering, Salem and Government College of Engineering, Tirunelveli - Orders - Issued.",https://cms.tn.gov.in/cms_migrated/document/GO/hedu_e_24_ms_2026.pdf
MTI=,Higher Education Department,G.O.(Ms).No.8,22-01-2026,Technical Education - Announcement 2025-26 - Upliftment of Anna University as one of the Top 10 institutions in the Country and Top 150 in the QS Rankings within the next 5 years from the Financial Year 2025-26 - Administrative Sanction for a sum of Ps.1380.20 Crore and to release a sum of Rs.75.00 Crore in the Financial Year 2025-26 (1st year) - Accorded - Orders - Issued.,https://cms.tn.gov.in/cms_migrated/document/GO/hedu_e_8_ms_2026.pdf
MTQ=,"Home, Prohibition and Excise Department",G.O.(Ms) No. 295,10-09-2026,Home Department - Digitalization of services - Issuance of Driving Licences (DL) and Registration Certificates (RC) through electronic mode - Orders - Issued,https://cms.tn.gov.in/cms_migrated/document/GO/home_e_295_ms_2026.pdf
MTQ=,"Home, Prohibition and Excise Department",G.O.(Ms) No. 49,08-08-2026,"Home, Prohibition and Excise Department – Establishment of Anti-Narcotics Task Force Units in all districts and cities with a Headquarters Unit – Administrative and Financial sanction for a total sum of Rs.264,14,28,116 / - towards recurring and non-recurring expenditure – Orders issued.",https://cms.tn.gov.in/cms_migrated/document/GO/home_e_49_ms_2026.pdf
MTQ=,"Home, Prohibition and Excise Department",G.O.(Ms) No.113,04-03-2026,"Motor Vehicles - Modifications in the New Comprehensive Scheme, 2024 - Approved - Published - Notified",https://cms.tn.gov.in/cms_migrated/document/GO/home_e_113_2026_ms.pdf
MTQ=,"Home, Prohibition and Excise Department",G.O.(Ms) No.112,04-03-2026,"Motor Vehicles - Modifications in the New Comprehensive Scheme, 2024 - Approved - Published - Notified",https://cms.tn.gov.in/cms_migrated/document/GO/home_e_112_2026_ms.pdf
MTQ=,"Home, Prohibition and Excise Department",G.O. (Ms). No. 103,27-02-2026,"Home Department - Section 5(2) of the Tamil Nadu Money Lending Entities (Prevention of Coercive Actions) Act, 2025 (Tamil Nadu Act 40 of 2025) - Notification of online portal - Orders - Issued.",https://cms.tn.gov.in/cms_migrated/document/GO/home_e_103_2026_ms.pdf
MTQ=,"Home, Prohibition and Excise Department",G.O.(Ms) No.102,26-02-2026,Motor Vehicles - New Comprehensive Scheme 2024 - Fare Revision of Mini Bus under the Motor Vehicles Act 1988 (Central Act 59 of 1988)- Amendment - Notified,https://cms.tn.gov.in/cms_migrated/document/GO/home_e_102_2026_ms.pdf
MTQ=,"Home, Prohibition and Excise Department",G.O.(Ms) No.69,11-02-2026,Home (Transport) Department - Issue of International Driving Permit - Simplification of procedures under SimpleGov - Recommendation of the Empowered Committee - Orders - Issued,https://cms.tn.gov.in/cms_migrated/document/GO/home_e_69_2026_ms.pdf
MTQ=,"Home, Prohibition and Excise Department",G.O.(Ms) No.75,11-02-2026,Home (Transport) Department - SimpleGov - Issue of Change of Address in Certificate of Registration - Simplification of procedures under SimpleGov - Recommendation of the Empowered Committee - Orders - Issued.,https://cms.tn.gov.in/cms_migrated/document/GO/home_e_75_2026_ms.pdf
MTQ=,"Home, Prohibition and Excise Department",G.O.(MS) No.71,11-02-2026,Home (Transport) Department - SimpleGov - Issue of Change of Address in Driving License - Simplification of procedures under SimpleGov - Recommendation of the Empowered Committee - Orders - Issued,https://cms.tn.gov.in/cms_migrated/document/GO/home_e_71_2026_ms.pdf
MTQ=,"Home, Prohibition and Excise Department",G.O.(Ms) No.72,11-02-2026,Home (Transport) Department - SimpleGov - Issue of Renewal of Driving License - Simplification of procedures under SimpleGov - Recommendation of the Empowered Committee - Orders - Issued,https://cms.tn.gov.in/cms_migrated/document/GO/home_e_72_2026_ms.pdf
MTQ=,"Home, Prohibition and Excise Department",G.O.(Ms) No.74,11-02-2026,Home (Transport) Department - SimpleGov - Issue of Application for Issue of Duplicate Certificate of Registration (RC) - Simplification of procedures under SimpleGov - Recommendation of the Empowered Committee - Orders - Issued.,https://cms.tn.gov.in/cms_migrated/document/GO/home_e_74_2026_ms.pdf
MTQ=,"Home, Prohibition and Excise Department",G.O.(Ms) No.73,11-02-2026,Home (Transport) Department - SimpleGov - Issue of No Objection Certificate (NOC) for Certificate of Registration - Simplification of procedures under Simple Gov - Recommendation of the Empowered Committee - Orders - Issued,https://cms.tn.gov.in/cms_migrated/document/GO/home_e_73_2026_ms.pdf
MTQ=,"Home, Prohibition and Excise Department",G.O.(Ms) No.70,11-02-2026,Home (Transport) Department - SimpleGov - Issue of Change of Name in Driving License - Simplification of procedures under SimpleGov - Recommendation of the Empowered Committee - Orders - Issued,https://cms.tn.gov.in/cms_migrated/document/GO/home_e_70_2026_ms.pdf
MTQ=,"Home, Prohibition and Excise Department",Police Note No.SC/01/2026,06-02-2026,Home (SC) Department - Police Note No.SC/01/2026 dated 06.02.2026,https://cms.tn.gov.in/cms_migrated/document/GO/home_e_01_2026_pn.pdf
MTQ=,"Home, Prohibition and Excise Department",G.O.(Ms) No.54,04-02-2026,Home (Transport) Department - Issue of Duplicate Driving License - Simplification of procedures under SimpleGov - Recommendation of the Empowered Committee - Orders - Issued,https://cms.tn.gov.in/cms_migrated/document/GO/home_e_54_2026_ms.pdf
MTQ=,"Home, Prohibition and Excise Department",G.O.(Ms) No.40,28-01-2026,"Home Department - Project for affixing of High Security Registration Number Plates on Vehicles registered in Tamil Nadu before 01.04.2019 - To float tender as per section 31-A of Tamil Nadu Transparency in Tender Rules, 2000 - Approved - Orders - Issued",https://cms.tn.gov.in/cms_migrated/document/GO/home_e_40_2026_ms.pdf
MTQ=,"Home, Prohibition and Excise Department",G.O.(Ms) No.5,05-01-2026,Public gatherings - Regulation and Management of Public gatherings in Tamil Nadu - Orders of the Honble High Court of Madras - Issuance of Standard Operating Procedure (SOP) - Orders - Issued.,https://cms.tn.gov.in/cms_migrated/document/GO/home_e_5_2026_ms.pdf
MTU=,Housing and Urban Development Department,G.O.(Ms) No.158,17-08-2026,Urban Development – Business Reform Action Plan (BRAP) 2026 - Implementation of Online Appeal and Dispute Resolution System through Single Window Portal – Orders – Issued.,https://cms.tn.gov.in/cms_migrated/document/GO/hud_e_158_2026.pdf
MTU=,Housing and Urban Development Department,G.O.(Ms) No.157,11-08-2026,"Urban Development - Mandating the preparation, approval and adoption of legally valid GIS-based Master Plans, Zonal Plans and Land Use Plans - Establishment of a regulatory framework for standardized methodologies and GIS data layers - Orders - Issued.",https://cms.tn.gov.in/cms_migrated/document/GO/hud_e_157_2026.pdf
MTU=,Housing and Urban Development Department,G.O.(Ms) No.150,04-08-2026,Urban Development – Mandating the integration of infrastructure availability and hazard considerations into land use planning and zoning regulations – Orders – Issued.,https://cms.tn.gov.in/cms_migrated/document/GO/hud_e_150_2026.pdf
MTU=,Housing and Urban Development Department,G.O.(Ms) No. 149,31-07-2026,"Urban Development – Tamil Nadu Change of Land Use (From Agriculture to Non-agriculture Purposes in Non-planning Areas) Rules, 2017 - Amendment - Notification – Orders – Issued.",https://cms.tn.gov.in/cms_migrated/document/GO/hud_e_149_2026.pdf
MTU=,Housing and Urban Development Department,G.O Ms. No. 137,03-07-2026,Urban Development – Extension of time for submitting applications through online for regularization of buildings of Educational Institutions functioning prior to 01.01.2011 in non-plan areas – Orders issued.,https://cms.tn.gov.in/cms_migrated/document/GO/hud_e_137_2026.pdf
MTU=,Housing and Urban Development Department,G.O Ms. No. 129,29-06-2026,"Urban Development - Amendment to Tamil Nadu Combined Development and Building Rules, 2019 – Industrial layout/Industrial estate developed by Government Department/Agencies – Reservation and transfer of OSR Land – Notification – Orders – Issued.",https://cms.tn.gov.in/cms_migrated/document/GO/hud_e_129_2026.pdf
MTU=,Housing and Urban Development Department,G.O Ms. No. 126,15-06-2026,"Urban Development - Scrutiny of HRB application in Chennai Metropolitan Area - Amendment to the Tamil Nadu Combined Development and Building Rules, 2019 - Orders Issued.",https://cms.tn.gov.in/cms_migrated/document/GO/hud_e_126_2026.pdf
MTU=,Housing and Urban Development Department,G.O Ms. No. 46,24-02-2026,Urban Development – Simplification of the procedure of processing of planning permission applications in notified Hill Areas – Orders issued.,https://cms.tn.gov.in/cms_migrated/document/GO/hud_e_46_2026.pdf
MTU=,Housing and Urban Development Department,G.O Ms. No. 4,08-01-2026,Urban Development – Grant of Planning permission for religious buildings operating from 04.02.2019 to 06.03.2024 without insisting an NOC from District Collector –Orders –Issued.,https://cms.tn.gov.in/cms_migrated/document/GO/hud_e_4_2026.pdf
MjI=,Human Resources Management Department,G.O. (Ms.) No. 53,25-08-2026,Human Resources Management Department - Announcement - Rule 101(a) of Fundamental Rules - Maternity Leave - Enhancing from 12 weeks to 365 days to the married women Government servants having less than three surviving children- Amendment Orders - Issued,https://cms.tn.gov.in/cms_migrated/document/GO/hrm_e_53_2026.pdf
MjI=,Human Resources Management Department,Letter No.5568 /A1/2026- 1,05-08-2026,"Integrated Financial and Human Resources Management System (IFHRMS) - Tamil Nadu Government Servants’ Conduct Rules, 1973 — Submission of return of Assets and Liabilities by Government Servants through IFHRMS (Online) - Necessary instructions - Issued — Regarding.",https://cms.tn.gov.in/cms_migrated/document/GO/hrm_lr_e_5568_2026.pdf
MjI=,Human Resources Management Department,Letter No.12948190/FR.111-112026-3,13-03-2026,Tamil Nadu Fundamental Rules — Maternity Leave - W.P.No.705 of 2026 - Filed by Tmt.P.Mangaiyarkkarasi - Prayer to grant maternity leave benefits for her third child - Direction of the Honble High Court of Madras dated 21.01.2026 — Compliance of the Court Order —Communicate the copy of the High Court Order - Sanction the maternity leave to the married women Government Servants for more than two chi,https://cms.tn.gov.in/cms_migrated/document/GO/hrm_lr_e_12948190_2026.pdf
MjI=,Human Resources Management Department,G.O. (Ms.) No. 11,11-02-2026,"Tamil Nadu Government Servants’ Conduct Rules, 1973 – SimpleGov – Simplification of procedures for acquiring/disposing of vehicle by Government Servants – Intimation through IFHRMS – Instructions – Issued.",https://cms.tn.gov.in/cms_migrated/document/GO/hrm_e_11_2026.pdf
MjI=,Human Resources Management Department,G.O Ms. No.07,09-01-2026,"Tamil Nadu Government Servants Conduct Rules, 1973 - Submission of returns of assets and liabilities by Government Servants under rule 7(3) - Amendments - Notified",https://cms.tn.gov.in/cms_migrated/document/GO/hrm_e_07_2026.pdf
MjI=,Human Resources Management Department,G.O Ms. No. 3,07-01-2026,"Tamil Nadu Government Servants Conduct Rules, 1973 - SimpleGov-Simplification of procedures for undertaking foreign trips by Government Servants - Applying through IFHRMS - rule 24-A and 24-B of the Tamil Nadu Government Servants Conduct Rules, 1973 - Amendments - orders-Issued.",https://cms.tn.gov.in/cms_migrated/document/GO/hrm_e_3_2026.pdf
Mjk=,"Micro , Small and Medium Enterprises Department",G.O. (Ms.) No.10,09-02-2026,"Micro, Small and Medium Enterprises Department – Entrepreneurship Development and Innovation Institute – Tamil Nadu (EDII-TN) - implementation of Tamil Nadu Youth Innovation and Entrepreneurship Development Program (TNYIEDP), “நிமிர்ந்து நில்” Strategic Plan - Phase II (2025-2030) - Sanction and release of remaining funds of Rs.2,55,00,000- for the financial year 2025-2026 - Orders – Issued.",https://cms.tn.gov.in/cms_migrated/document/GO/Government Order No_10_MSME_dated_09_02_2026.pdf
Mjk=,"Micro , Small and Medium Enterprises Department",G.O. (Ms.) No.01,05-01-2026,"Micro, Small and Medium Enterprises Department – TANSIM - Implementation of Tamil Nadu Startup and Innovation Policy during the year 2025-2026 – Release of funds provided in Budget Estimates 2025-2026 to the tune of Rs.37,88,66,000- Orders – Issued.",https://cms.tn.gov.in/cms_migrated/document/GO/msme_e_01_ms_2026.pdf
MjM=,Planning and Development Department,G.O.Ms.No.65,31-08-2026,Government of Tamil Nadu (GOTN) - J-PAL Partnership - Reconstitution of Steering Committee - Orders Issued.,https://cms.tn.gov.in/cms_migrated/document/GO/pnd_e_ms_65_tc3_31082026.pdf
MjQ=,Public Department,G.O Ms. No. 575,18-09-2026,Holidays - Public Holiday - Bye-Election to Tamil Nadu Legislative Assembly from 35.Madurantakam (SC) and 101.Dharapuram (SC) Assembly Constituencies - Declaration of the poll day 06.10.2026 (Tuesday) as Public Holiday - Notified,https://cms.tn.gov.in/cms_migrated/document/GO/public_e_575_2026.pdf
MjQ=,Public Department,G.O Ms. No. 366,30-05-2026,MINISTERS - Inter-se-Seniority of Ministers and Subjects- Orders - Issued.,https://cms.tn.gov.in/cms_migrated/document/GO/public_e_366_2026.pdf
MjQ=,Public Department,G.O Ms. No. 344,22-05-2026,MINISTERS - Appointment - Notified.,https://cms.tn.gov.in/cms_migrated/document/GO/public_e_344_2026.pdf
MjQ=,Public Department,G.O Ms. No. 345,22-05-2026,MINISTERS - Allocation of Subjects among Ministers - Orders - Issued.,https://cms.tn.gov.in/cms_migrated/document/GO/public_e_345_2026.pdf
MjQ=,Public Department,G.O Ms. No. 343,21-05-2026,MINISTERS - Appointment - Notified.,https://cms.tn.gov.in/cms_migrated/document/GO/public_e_343_2026.pdf
MjQ=,Public Department,G.O Ms. No. 338,16-05-2026,MINISTERS - Allocation of Business - Notified.,https://cms.tn.gov.in/cms_migrated/document/GO/public_e_338_2026.pdf
MjQ=,Public Department,G.O Ms.No. 329,10-05-2026,MINISTERS-Appointment-Notified.,https://cms.tn.gov.in/cms_migrated/document/GO/public_e_329_2026.pdf
MjQ=,Public Department,G.O Ms. No. 328,10-05-2026,MINISTERS-Resignation-Notified.,https://cms.tn.gov.in/cms_migrated/document/GO/public_e_328_2026.pdf
MjQ=,Public Department,G.O.Ms.No.239,26-03-2026,Holidays — Public Holiday — General Elections to Legislative Assembly 2026 — Declaration of the poll day 23.04.2026 as Public Holiday - Notified,https://cms.tn.gov.in/cms_migrated/document/GO/public_e_239_2026.pdf
MjQ=,Public Department,G.O.(Ms) No. 201,12-03-2026,GOVERNOR THE - Thiru Rajendra Vishwanath Arlekar - Assumption of Office - Proclamation - Issued.,https://cms.tn.gov.in/cms_migrated/document/GO/public_e_201_2026.pdf
MjQ=,Public Department,G.O Ms. No. 200,12-03-2026,GOVERNOR THE - Warrant of Appointment - Republished.,https://cms.tn.gov.in/cms_migrated/document/GO/public_e_200_2026.pdf
Mjc=,Rural Development and Panchayat Raj Department,G.O.(Ms) No.134,10-08-2026,"Rural Development and Panchayat Raj Department - Sanitation – Maintenance of School Toilets, cleaning of Class Rooms and School Premises in Panchayat Union / Government Schools located in Rural Areas – Fund for the year 2026-2027 (from June 2026 to April 2027) – Sanctioned - Orders – Issued",https://cms.tn.gov.in/cms_migrated/document/GO/rd_e_ms_134_2026.pdf
Mjc=,Rural Development and Panchayat Raj Department,G.O.(Ms) No.133,30-07-2026,Schemes - Viksit Bharat – Guarantee for Rozgar and Ajeevika Mission (Gramin) (VB-G RAM G) Scheme – Revision of wage rate from Rs.336 to Rs.345 per person per day under VB-G RAM G – Adoption of wage rate in Tamil Nadu – Orders – Issued,https://cms.tn.gov.in/cms_migrated/document/GO/rd_e_ms_133_2026.pdf
Mjc=,Rural Development and Panchayat Raj Department,G.O.(Ms) No.114,29-06-2026,"Rural Development and Panchayat Raj Department - Viksit Bharat-Guarantee for Rozgar and Ajeevika Mission – Gramin: (VB-G RAM G) Act, 2025 – Implementation of Viksit Bharat - Guarantee for Rozgar and Ajeevika Mission(Gramin) Scheme, Tamil Nadu - வளர்ச்சியடைந்த பாரதம் – கிராம வேலை உறுதி மற்றும் வாழ்வாதார திட்டம், தமிழ்நாடு with effect from 01.07.2026 – Scheme Notification - Orders – Issued",https://cms.tn.gov.in/cms_migrated/document/GO/rd_e_ms_114_2026.pdf
Mjc=,Rural Development and Panchayat Raj Department,G.O.(Ms) No.113,24-06-2026,"Schemes - Centrally Sponsored Schemes - PMGSY-III Batch-I (2023 24) Upgradation of 660 roads for a length of 2869.29 km and upgradation of 28 Bridges for a length of 891.10m for a total cost of Rs. 1945.02 Crore Sanctioned - FY 2026-27-2nd Mother Sanction for of Rs.5,00,00,000 as Central Share and State Share of Rs.3,35,00,000 under programme Fund - Sanctioned - Orders - Issued",https://cms.tn.gov.in/cms_migrated/document/GO/rd_e_ms_113_2026.pdf
Mjc=,Rural Development and Panchayat Raj Department,G.O.(Ms) No.108,09-06-2026,Schemes – Centrally Sponsored Schemes – Pradhan Mantri Janjati Adivasi Nyaya Maha Abhiyan (PM-JANMAN) - PM-JANMAN (2025-26) Batch-I – Construction of 4 roads to a length of 10.96 Km at a cost of Rs.9.07 crore - 1st instalment of Mother Sanction of Rs.2.50 Crore as Central Share and Corresponding State Share of Rs.1.67 Crore totally Rs.4.17 Crore as Programme Fund - Sanctioned – Orders – Issued,https://cms.tn.gov.in/cms_migrated/document/GO/rd_e_ms_108_2026.pdf
Mjc=,Rural Development and Panchayat Raj Department,G.O.(Ms) No.27,09-02-2026,Schemes – State Government Scheme – “Mudhalamaicharin Veedugal Marukattumana Thittam” (MVMT) 2025-26 - Reconstruction beyond repairable houses constructed under the various Government schemes till the year 2000-01 with a plinth area of 210 sq.ft. at a cost of Rs.2.40 lakh per house – Release an amount of Rs.98 Crore for the year 2025-26 – Orders – Issued.,https://cms.tn.gov.in/cms_migrated/document/GO/rd_e_27_2026.pdf
Mjc=,Rural Development and Panchayat Raj Department,G.O.(Ms) No.26,05-02-2026,Schemes – State Government Scheme – Implementation of “Kalaignarin Kanavu Illam” Scheme – Announcement made by the Hon’ble Chief Minister in the Tamil Nadu Legislative Assembly on 24.01.2026 - Construction of additional one lakh houses for the year 2025-26 - Administrative sanction for a sum of Rs.3500 crore with Guidelines for the year 2025-26 and Financial Sanction of Rs.500 crore – Accorded- Or,https://cms.tn.gov.in/cms_migrated/document/GO/rd_e_26_2026.pdf
MzA=,Social Welfare and Women Empowerment Department,G.O(Ms)No.20,15-07-2026,Social Welfare and Women Empowerment Department - Chief Ministers Breakfast Scheme named as Perunthalaivar Kamarajar Breakfast Scheme - Expansion of the Perunthalaivar Kamarajar Breakfast Scheme to Class Vi to VIII students in all Government and Government aided schools in Tamil Nadu - Orders issued,https://cms.tn.gov.in/cms_migrated/document/GO/swwe_t_20_2026.pdf
MzI=,"Tourism, Culture and Special Initiatives Department",G.O Ms.No.39,23-01-2026,"Tourism - Ministry of Tourism, Government of India–Special Assistance to States for Capital Investment Scheme 2024-2025 - “Development of Eco Park” at Racecourse, Ooty in Nilgiris district –Administrative Sanction of Rs.21,23,00,000 (for package-I Rs.12,33,00,000 and for Package-II Rs.8,90,00,000) - Orders – Issued.",https://cms.tn.gov.in/cms_migrated/document/GO/tour_e_39_2026.pdf
NDQ=,Water Resources Department,G.O.(Ms)No.63,12-07-2026,"Water Resources Department - State Dam Safety Organisation - Approval for constitution of Independent Panel of Experts for Comprehensive Dam Safety Evaluation for 86 Dams of Water Resources Department at an estimated cost of Rs 1,20,40,000 - Accorded - Orders - Issued.",https://cms.tn.gov.in/cms_migrated/document/GO/wrd_e_63_Ms_2026.pdf
NDQ=,Water Resources Department,G.O.(Ms)No.61,02-06-2026,Water Resources Department – Revised Administrative Sanction proposals due to various reasons – Instructions to curtail the Revised Administrative Sanction proposals – Issued.,https://cms.tn.gov.in/cms_migrated/document/GO/wrd_e_61_Ms_2026.pdf
NDQ=,Water Resources Department,G.O.(D)No.61,15-03-2026,"Water Resources Department – Supplying, installation, training, operation and maintenance of an Automatic Water Level Recorder for water level monitoring and Automatic Rain Gauge at Manacadavu weir in Anaimalai Taluk of Coimbatore District at an estimated cost of Rs.6.30 lakh – Administrative Sanction – Accorded – Orders issued.",https://cms.tn.gov.in/cms_migrated/document/GO/wrd_e_61_D_2026.pdf
NDQ=,Water Resources Department,G.O.(Ms)No.49,14-03-2026,"Water Resources Department – Announcement 2021 - 2022 - Restoration of original capacity of 4 Reservoirs viz., Vaigai, Pechiparai, Amaravathy and Mettur at an estimated cost of Rs.3,62,91,000- – Administrative Sanction accorded - Cancellation of orders – Regularisation of expenditure incurred for Rs.2,16,000- towards advertisement charges for the above work in respect of the Mettur and Vaigai Rese",https://cms.tn.gov.in/cms_migrated/document/GO/wrd_e_49_Ms_2026.pdf
NDQ=,Water Resources Department,G.O. (Ms) No.48,14-03-2026,"Water Resources Department - “Innovative, sustained and integrated mechanised removal of Prosopis juliflora (locally known as Seemai Karuvelam) from waterbodies under the control of Water Resources Department and revenue generation through bio fuel” – “WASTE TO WEALTH” - Orders - Issued.",https://cms.tn.gov.in/cms_migrated/document/GO/wrd_e_48_Ms_2026.pdf
NDQ=,Water Resources Department,G.O. (Ms.) No. 35,10-03-2026,"Water Resources Department – Dynamic Ground Water Resources Assessment for Tamil Nadu as on March, 2025 – Categorization of Firkas as Over-Exploited, Critical, Semi-Critical, Safe and Saline based on the Assessment in Tamil Nadu – Orders issued.",https://cms.tn.gov.in/cms_migrated/document/GO/wrd_e_35_Ms_2026.pdf
NDQ=,Water Resources Department,G.O.(Ms)No.27,06-03-2026,"Water Resources Department - Announcement made by the Honble Chief Minister during the Madurai District visit on 07.12.2025 - Construction of a Check dam across Palar River in Pottalpatti Village near Surapatti of Melur Taluk in Madurai District at a cost of Rs.9,05,61,000- - Administrative Sanction - Accorded - Orders issued.",https://cms.tn.gov.in/cms_migrated/document/GO/wrd_e_27_Ms_2026.pdf
NDQ=,Water Resources Department,G.O.(2D)No.16,27-02-2026,"Water Resources Department - Announcement made by the Hon’ble Chief Minister during the Tirunelveli District visit on 21.12.2025 – Rehabilitation works in Kankeyan Channel, Vellodai, Vallioor Big Tank and Vallioorankal Channel in Tirunelveli District at a total cost of Rs.8.95 crore – Administrative Sanction - Accorded - Orders issued",https://cms.tn.gov.in/cms_migrated/document/GO/wrd_e_16_2D_2026.pdf
NDQ=,Water Resources Department,G.O.(Ms)No.20,18-02-2026,"Water Resources Department - Formation of a small dam across the Koilmalaiyar river near Melarasampattu Village in Anicut Taluk of Vellore District at a cost of Rs.176,02,41,769- - Administrative Sanction - Accorded - Orders issued.",https://cms.tn.gov.in/cms_migrated/document/GO/wrd_e_20_Ms_2026.pdf
NDQ=,Water Resources Department,G.O.(2D)No.14,16-02-2026,Water Resources Department - Announcement made by the Hon’ble Chief Minister during the Tenkasi District visit on 29.10.2025 – Rehabilitation works in Gatana Dam and Maranthai Channel in Tenkasi District at an estimated cost of Rs.6.00 crore – Administrative Sanction - Accorded - Orders issued.,https://cms.tn.gov.in/cms_migrated/document/GO/wrd_e_14_2D_2026.pdf
NDQ=,Water Resources Department,G.O.(2D)No.12,13-02-2026,Water Resources Department - Announcement made by the Honble Chief Minister during the Ramanathapuram District visit on 03.10.2025 - Restoration of 16 tanks in Thiruvadanai and R.S.Mangalam Taluks of Ramanathapuram District and Rehabilitation of Selvanur tank and Sikkal tank in Kadaladi Taluk of Ramanathapuram District at a total cost of Rs.22.7984 crore - Administrative Sanction - Accorded - Orde,https://cms.tn.gov.in/cms_migrated/document/GO/wrd_e_12_2D_2026.pdf
NDQ=,Water Resources Department,G.O.(2D)No.8,13-02-2026,"Water Resources Department - Announcement made by the Honble Chief Minister during the Tenkasi District visit on 29.10.2025 - Rehabilitation of tanks in Sivagiri, Kadayanallur, Sankarankovil and Thiruvengadam Taluks of Tenkasi District at a total estimated cost of Rs.12.00 crore - Administrative Sanction - Accorded - Orders issued.",https://cms.tn.gov.in/cms_migrated/document/GO/wrd_e_8_2D_2026.pdf
NDQ=,Water Resources Department,G.O.(2D)No.7,13-02-2026,Water Resources Department - Announcement made by the Honble Chief Minister during the Tenkasi District visit on 29.10.2025 – Repair and Rehabilitation works in Adavinainarkoil reservoir system and Varattar system at a total estimated cost of Rs.9.00 crore – Administrative Sanction - Accorded - Orders issued.,https://cms.tn.gov.in/cms_migrated/document/GO/wrd_e_7_2D_2026.pdf
NDQ=,Water Resources Department,G.O.(4D)No.18,13-02-2026,"Water Resources Department - Announcement made by the Honble Chief Minister during the Tiruvarur District visit on 10.07.2025 –15 works in Tiruvarur District at a total cost of Rs.41,98,53,000 - Administrative Sanction - Accorded - Orders issued.",https://cms.tn.gov.in/cms_migrated/document/GO/wrd_e_18_4D_2026.pdf
NDQ=,Water Resources Department,G.O.(2D)No.9,13-02-2026,"Water Resources Department - Announcement made by the Honble Chief Minister during the Pudukottai District visit on 10.11.2025 -Rehabilitation of Veerakondan Eri, Sengalaneer Eri, Vendhankulam, Nochikattaiyankulam in Ayangudy Village, Mudamavadi Eri, Vallavari Periya Eri in Vallavari Village, Mookurinjikulam, Vilankulam in Mangalanadu Village, Pilluvelikulam in Arasarkulam Village, Avudayanikulam",https://cms.tn.gov.in/cms_migrated/document/GO/wrd_e_9_2D_2026.pdf
NDQ=,Water Resources Department,G.O.(Ms)No.13,13-02-2026,"Water Resources Department - Announcement made by the Honble Chief Minister during the Tiruppur District visit on 11.08.2025 - Construction of Check dam across Uppar odai in S.F.No.275 of Varapalayam Village (Near Nanjiyampalayam Village) in Dharapuram Taluk of Tiruppur District at a cost of Rs.7,53,50,000- - Administrative Sanction - Accorded - Orders issued.",https://cms.tn.gov.in/cms_migrated/document/GO/wrd_e_13_Ms_2026.pdf
NDQ=,Water Resources Department,G.O.(2D)No.10,13-02-2026,Water Resources Department - Announcement made by the Honble Chief Minister during the Government function in Ariyalur District held on 22.07.2025 - Rehabilitation of Ponneri Tank in Kuruvalapperkovil Village of Udayarpalayam Taluk in Ariyalur District at a cost of Rs.11.71 crore - Administrative Sanction - Accorded - Orders issued.,https://cms.tn.gov.in/cms_migrated/document/GO/wrd_e_10_2D_2026.pdf
NDQ=,Water Resources Department,G.O.(Ms)No.15,13-02-2026,Water Resources Department - Announcement made by the Honble Minister (Water Resources) f the year 2025 - 2026 - Construction of 4 Check dams in Chennai Region at a total cost of Rs.87.74 cre - Administrative Sanction - Accded - Orders Issued.,https://cms.tn.gov.in/cms_migrated/document/GO/wrd_e_15_Ms_2026.pdf
NDQ=,Water Resources Department,G.O.(2D)No.11,13-02-2026,"Water Resources Department - Announcement made by the Honble Chief Minister during the Mayiladuthurai District visit on 16.07.2025 - Rehabilitation of Kuthalam Channel and its Branch Channels with lining offtake from Right bank of Cauvery River at LS 115.000 km in Kuthalam Town of Kuthalam Taluk of Mayiladuthurai District at a cost of Rs.5,56,00,000- - Administrative Sanction - Accorded - Orders i",https://cms.tn.gov.in/cms_migrated/document/GO/wrd_e_11_2D_2026.pdf
NDQ=,Water Resources Department,G.O.(2D)No.13,13-02-2026,"Water Resources Department - Announcement made by the Honble Chief Minister during the Madurai District visit on 07.12.2025 –Rehabilitation works in Periya Aruvi Reservoir and its feeding tanks and Kodimangalam, Melamathur, Sevakulam, Pudukulam, Vadivelkarai and Vilachur tanks in Madurai District at a total estimated cost of Rs.12.60 crore - Administrative Sanction - Accorded - Orders issued.",https://cms.tn.gov.in/cms_migrated/document/GO/wrd_e_13_2D_2026.pdf
NDQ=,Water Resources Department,G.O.(Ms)No.12,12-02-2026,"Water Resources Department – Second Revised Administrative Sanction for the work of Formation of new Tank across Kallar Odai near Viswakudi Hamlet in Thondamanthurai Village of Veppanthattai Taluk of Perambalur District for an amount of Rs.34,07,00,000- – Ratification the action of Chief Engineer, Water Resources Department, Trichy Region, Trichy in having executed the excess quantities within the",https://cms.tn.gov.in/cms_migrated/document/GO/wrd_e_12_Ms_2026.pdf
NDQ=,Water Resources Department,G.O.(2D)No.06,27-01-2026,"Water Resources Department - Announcement made by the Honble Chief Minister during the Ramanathapuram District visit on 03.10.2025 - Restoration of six tanks namely Uthirakosamangai tank, Vithanur tank, Vella Marichikatti big tank, Vella Marichikatti small tank, K.Kodikulam tank and Mayakulam tank in Keelakarai Taluk of Ramanathapuram District at an estimated cost of Rs.4.65 crore - Administrative",https://cms.tn.gov.in/cms_migrated/document/GO/wrd_e_06_2D_2026.pdf
NDQ=,Water Resources Department,G.O. (Ms) No.4,24-01-2026,Water Resources Department – Operation of sand quarries and sale of sand in the Government depots by the Water Resources Department – Additional Guidelines - Issued.,https://cms.tn.gov.in/cms_migrated/document/GO/wrd_e_4_Ms_2026.pdf
NDQ=,Water Resources Department,G.O.(Ms) No. 01,02-01-2026,"Establishment - TNIAMP – Multi Disciplinary Project Unit – Sanction for further continuance of 11 Regular Posts for the period from 03.12.2025 to 31.03.2026 at an estimated amount of Rs.46,23,000- under State Fund for completing the administrative and financial closure activities of the World Bank assisted TNIAM Project - Accorded -Orders -Issued.",https://cms.tn.gov.in/cms_migrated/document/GO/wrd_e_01_2026.pdf
MzU=,Welfare of Differently Abled Persons,G.O. (Ms) No.10,13-03-2026,Welfare of Differently Abled Persons Department – TN-RIGHTS Project – Approval of Multi Sectoral Framework (MSF) Document for action on disability – Orders – Issued.,https://cms.tn.gov.in/cms_migrated/document/GO/wda_e_10_2026.pdf
MzU=,Welfare of Differently Abled Persons,G.O. (Ms) No.03,28-01-2026,"Welfare of Differently Abled Persons Department – Identification of suitable promotional posts for Differently Abled Persons in Secretariat Service as per section 33(i) of the Rights of Persons with Disabilities Act, 2016– Orders - Issued.",https://cms.tn.gov.in/cms_migrated/document/GO/wda_e_03_2026.pdf
TEST,Test Department,G.O. (Ms) No. 999,25 September 2026,DTN selftest fake order for pipeline verification,https://cms.tn.gov.in/cms_migrated/document/GO/selftest_999_fake.pdf
OA==,"Environment, Climate Change and Forests Department",G.O.(D)No.160,08-09-2026,Announcement Implementation of Comprehensive Human Wildlife Conflict Mitigation Scheme in Tamil Nadu,https://cms.tn.gov.in/cms_migrated/document/GO/env_e_D_160.pdf
OA==,"Environment, Climate Change and Forests Department",G.O.(Ms) No.75,27-08-2026,Formation of Elephant Corridor in Cauvery North Wildlife Sanctuary in Hosur Forest Division,https://cms.tn.gov.in/cms_migrated/document/GO/env_e_Ms_75.pdf
OA==,"Environment, Climate Change and Forests Department",G.O.(D) No.150,17-08-2026,Payment of compensation in cases of Human Wildlife Conflict,https://cms.tn.gov.in/cms_migrated/document/GO/env_e_D_150.pdf
OA==,"Environment, Climate Change and Forests Department",G.O.(Ms) No.74,14-08-2026,"Forests – Tirunelveli district - Tirunelveli taluk – No.35, Pudur village – Pudur forest block – Survey Numbers 412/1, 412/3, 413/1, 413/3, 415, 416, 417– Extent of 12.00.5 Hectare - Declaration as a reserved forest under section 16 of the Tamil Nadu Forest Act, 1882 (Tamil Nadu Act V of 1882) – Notification Approved – Orders - Issued.",https://cms.tn.gov.in/cms_migrated/document/GO/env_e_74_Ms_2026.pdf
OA==,"Environment, Climate Change and Forests Department",G.O.(D) No.148,14-08-2026,Centrally Sponsored Scheme Development of Wildlife Habitats in Tamil Nadu Sanctioned Orders Issued,https://cms.tn.gov.in/cms_migrated/document/GO/env_e_D_148.pdf
OA==,"Environment, Climate Change and Forests Department",G.O.(D) No.145,06-08-2026,Centrally Sponsored Scheme Project Tiger and Project Elephant Sanctioned orders issued,https://cms.tn.gov.in/cms_migrated/document/GO/env_e_D_145.pdf
OA==,"Environment, Climate Change and Forests Department",G.O.(Ms) No.72,29-07-2026,Modernization of Tamil Nadu Forest Force – Administrative sanction accorded for implementation of the scheme at a cost of Rs.5283.00 lakhs during 2022-2023 to 2024-2025 – Revalidation for unspent amount of Rs. 7.45 lakh for implementation of the scheme under Item No. 1(i) of Component (V) - Advancement in Forest and Wildlife Research through collaborations during the year 2026-2027 – Orders - Issu,https://cms.tn.gov.in/cms_migrated/document/GO/env_e_72_Ms_2026.pdf
OA==,"Environment, Climate Change and Forests Department",G.O.(Rt) No.328,22-07-2026,"Forest - Hon’ble Supreme Court order dated.29.05.2026 in Civil Appeal Nos.6395-6397 of 2025 in connection with encroachments in Forest lands covered in the Agasthyamalai Biosphere Reserve (ABR) – Nominate Thiru.S.Anand, I.F.S., Conservator of Forest and Field Director, Srivilliputhur Megamalai Tiger Reserve (SMTR) as Nodal Officer – Orders - Issued.",https://cms.tn.gov.in/cms_migrated/document/GO/env_e_328_RT_2026.pdf
MTE=,Health and Family Welfare Department,G.O.(MS)No.265,17-09-2026,"National Health Mission–Tamil Nadu – Sanction and release of Second Mother Sanction and proportionate State Share for Grants-in-Aid under Flexible Pool for Reproductive and Child Health and Health System Strengthening, National Health Programme and Urban Health Mission under National Health Mission for the financial year 2026-2027 on SNA-SPARSH platform – Orders – Issued.",https://cms.tn.gov.in/cms_migrated/document/GO/hfw_e_265_MS_2026.pdf
MTE=,Health and Family Welfare Department,G.O.(MS)No.260,16-09-2026,National Health Mission–Tamil Nadu – Strengthening of mortuaries in ten Government Hospitals / Government Medical College Hospitals – Sanction accorded – Orders issued.,https://cms.tn.gov.in/cms_migrated/document/GO/hfw_e_260_MS_2026.pdf
MTE=,Health and Family Welfare Department,G.O.(MS)No.113,13-03-2026,Directorate of Medical and Rural Health Services – District Headquarters Hospitals – Taluk and Non-Taluk Hospitals – Ensuring minimum assured service delivery and ensuring availability of specialist care in all the secondary health care institutions in the state – Orders – Issued.,https://cms.tn.gov.in/cms_migrated/document/GO/hfw_e_113_MS_2026.pdf
MTQ=,"Home, Prohibition and Excise Department",G.O.(Ms) No. 329,30-09-2026,"Modernisation of Tamil Nadu Police by enhancing digital and IT infrastructure, communication capabilities, continuous monitoring and operational efficiency at a cost of Rs.212,58,17,550/ - Administrative sanction accorded - Orders - Issued.",https://cms.tn.gov.in/cms_migrated/document/GO/home_e_329_2026.pdf
OA==,"Environment, Climate Change and Forests Department",G.O.(D) No. 154 Dated: 25.08.2026,28-08-2026,Forests - To redeploy one post of Office Assistant available in Forest Department to the Director of Environment and Climate Change Permission accorded - Orders - Issued.,https://cms.tn.gov.in/cms_migrated/document/GO/env-eng-154-D-2026.pdf
