title,URL
Rajya Sabha MP List.pdf,https://www.elections.tn.gov.in/PDF2022/Rajya Sabha MP List.pdf
"Notice Inviting Script for AI videos from Media agencies for preparation along with quotations to make election awareness videos for the forthcoming General Elections to Tamil Nadu Legislative Assembly, 2026",https://www.elections.tn.gov.in/Notification/1656-2026-1.pdf
"Notice Inviting Script for celebrity videos from Media agencies for preparation along with quotations to make election awareness videos for the forthcoming General Elections to Tamil Nadu Legislative Assembly, 2026",https://www.elections.tn.gov.in/Notification/1655-2026-1.pdf
"Notice Inviting Script for Short video and song video from Media agencies for preparation along with quotations to make election awareness videos for the forthcoming General Elections to Tamil Nadu Legislative Assembly, 2026",https://www.elections.tn.gov.in/Notification/1654-2026-1.pdf
Memorandum of Election Commission of India - National Media Award 2025,https://www.elections.tn.gov.in/Notification/Media_Award_2025.pdf
"Notice inviting interested agencies to design and decorate the float representing the National Voter' Day celebration, 2025",https://www.elections.tn.gov.in/Notification/21860-2024-1.pdf
"Notice Inviting Quotations called for Annual Rate Contract for the supply of Blank CDs, DVDs, Pen drives, Toner Cartridges for a period of one year",https://www.elections.tn.gov.in/Notification/Notice Inviting Quotation.pdf
Memorandum for National Media Award For Best Campaign on Voters' Education & Awareness - 2024,https://www.elections.tn.gov.in/Notification/Media Award All ceo.pdf
"Notice Inviting Quotations for promotion of SVEEP content in Social Media Platforms for the Special Summary Revision of Electoral Roll, 2025 / Terms and Consitions - Notice Inviting Quotations for promotion of SVEEP content in Social Media Platforms for the Special Summary Revision of Electoral Roll",https://www.elections.tn.gov.in/Notification/Notification-Letter-19473-2024-1 .pdf
"Addendum - Notice inviting Script for Short video and Quotations to make election awareness short videos for the forthcoming General Elections to Lok Sabha, 2024",https://www.elections.tn.gov.in/Notification/Addendum.pdf
"Notice inviting Script for Short video and Quotations to make election awareness short videos for the forthcoming General Elections to Lok Sabha, 2024",https://www.elections.tn.gov.in/Notification/Shortvideo Quotation GELS 2024.pdf
"Notice inviting interested agencies to design and decorate the float representing the National Voter' Day celebration, 2024",https://www.elections.tn.gov.in/Notification/NVD-2024.pdf
Modified Guidelines relating to Procurement of Envelopes by Record Officer of Service Voters instead of Chief Electoral Officer,https://www.elections.tn.gov.in/Notification/18.10.2023 Guidelines_Envelopes.pdf
Memorandum for National Media Award For Best Campaign on Voters' Education & Awareness - 2023,https://www.elections.tn.gov.in/Notification/Media Awards 23.pdf
"Notice inviting interested agencies to design and decorate the float representing the National Voter' Day celebration, 2023",https://www.elections.tn.gov.in/Notification/NVD-2023.pdf
Memorandum of Election Commission of India - National Media Award 2022,https://www.elections.tn.gov.in/PDF2022/Media Awards Memorandum.pdf
Extention of Last date for Submission of Quotations - Notice inviting interested agencies to design and decorate the float to be presented on 26.01.2022,https://www.elections.tn.gov.in/Notification/26012022_Noticeinvitingagencies_Lastdateextend.pdf
Extention of Last date - National Media Award for Best Campaign on Voters' Education & Awareness - 2021,https://www.elections.tn.gov.in/Reports/Election20211027134137.pdf
ECIs Notification for the purpose of voting through postal ballot for Absentee voters,https://www.elections.tn.gov.in/TNLA2021/27.02.2021 CEO TAMIL NADU.pdf
Memorandum of Election Commission of India - National Media Award 2020,https://www.elections.tn.gov.in/Reports/Memorandum of Election Commission of India -National Media Award 2020.pdf
"Notice inviting interested agencies to design and decorate the float representing the National Voters' Day celebration, 2021",https://www.elections.tn.gov.in/Reports/National Voters Day 2021.pdf
Notice Inviting Quotations for promotion of SVEEP content in Social Media Platforms,https://www.elections.tn.gov.in/Reports/6488_Notice inviting Social media agencies_TNLA 2021.pdf
"Notice Inviting Quotations to make election awareness films / Animation videos / short films for the forthcoming General Elections to Tamil Nadu Legislative Assembly, 2021",https://www.elections.tn.gov.in/Reports/Notification-2846-2020-1.pdf
Notification for engaging an agency on contract basis for content writing,https://www.elections.tn.gov.in/Reports/Circular-889.pdf
Designation of District Election Officers in Tamil Nadu,https://www.elections.tn.gov.in/Web/gazette/20050-2020-13.pdf
