category,title,date,URL
press,Press Releases,,https://www.tn.gov.in/press_release.php
"September 24, 2026",Local Fund Audit Department -Consolidated Audit Report – 2024-25 - English version,,https://cms.tn.gov.in/cms_migrated/document/docfiles/lfa_consolidated_audit_report_e_2024_25.pdf
"September 22, 2026",Inviting applications from retired officers of Indian Administrative Service (IAS) for preparing a panel of Inquiry Officers for conducting Departmental Enquiries in the disciplinary proceedings initiated against IAS officers,,https://cms.tn.gov.in/cms_migrated/document/whatsnew/Circular_ias_080926.pdf
"September 21, 2026",G.Os of Public Department - English Version,,https://cms.tn.gov.in/cms_migrated/document/GO/public_e_575_2026.pdf
"September 15, 2026",G.O of Finance Department - English Version,,https://cms.tn.gov.in/cms_migrated/document/GO/fin_e_15120106_2026.pdf
"September 11, 2026",Policy Note of Rural Development and Panchayat Raj Department - Poverty Alleviation Programme and Rural Indebtedness - 2026-27 - English Version,,https://cms.tn.gov.in/cms_migrated/document/docfiles/papri_e_pn_2026_27.pdf
"September 11, 2026",Policy Note of Rural Development and Panchayat Raj Department - 2026-27 - Tamil Version,,https://cms.tn.gov.in/cms_migrated/document/docfiles/rd_t_pn_2026_27.pdf
"September 11, 2026",Policy Note of Rural Development and Panchayat Raj Department - 2026-27 - English Version,,https://cms.tn.gov.in/cms_migrated/document/docfiles/rd_e_pn_2026_27.pdf
"September 11, 2026",G.O of Finance Department - Tamil Version,,https://cms.tn.gov.in/cms_migrated/document/GO/fin_t_15120106_2026.pdf
"September 11, 2026","G.Os of Home, Prohibition and Excise Department - English Version",,https://cms.tn.gov.in/cms_migrated/document/GO/home_e_295_ms_2026.pdf
"September 11, 2026",Policy Note of Rural Development and Panchayat Raj Department - Poverty Alleviation Programme and Rural Indebtedness - 2026-27 - Tamil Version,,https://cms.tn.gov.in/cms_migrated/document/docfiles/papri_t_pn_2026_27.pdf
"September 10, 2026","G.O of Co-operation, Food and Consumer Protection Department - Tamil version",,https://www.tn.gov.in/kyg_template_tn/go.php?dep_id=NQ==&year=MjAyNg==
"September 9, 2026",Policy Note of Motor Vehicles Acts - Administration Department - 2026-27 - English Version,,https://cms.tn.gov.in/cms_migrated/document/docfiles/mvaa_e_pn_2026_27.pdf
"September 9, 2026",Policy Note of Public (Rehabilitation) Department - 2026-27 - English Version,,https://cms.tn.gov.in/cms_migrated/document/docfiles/public_rehab_e_pn_2026_27.pdf
"September 9, 2026",Announcements of Transport Department - 2026-2027 - Tamil Version,,https://cms.tn.gov.in/cms_migrated/document/announcements/transport_t_ann_2026_27.pdf
"September 9, 2026",Announcements of Agriculture - Farmers Welfare Department 2026-2027 - Tamil Version,,https://cms.tn.gov.in/cms_migrated/document/announcements/agri_t_ann_2026_27.pdf
"September 9, 2026",Policy Note of Public (Rehabilitation) Department - 2026-27 - Tamil Version,,https://cms.tn.gov.in/cms_migrated/document/docfiles/public_rehab_t_pn_2026_27.pdf
"September 9, 2026",Policy Note of Agriculture- Farmers Welfare Department - 2026-27 - English Version,,https://cms.tn.gov.in/cms_migrated/document/docfiles/agri_t_pn_2026_27.pdf
"September 9, 2026",Citizens Charter of Agriculture-Farmers Welfare Department - 2026-2027 - English Version,,https://cms.tn.gov.in/cms_migrated/document/docfiles/agri_e_cc_2026_27.pdf
"September 9, 2026",Citizens Charter of Agriculture-Farmers Welfare Department - 2026-2027 - Tamil Version,,https://cms.tn.gov.in/cms_migrated/document/docfiles/agri_t_cc_2026_27.pdf
"September 9, 2026",Policy Note of Planning and Development Department - 2026-27 - Tamil Version,,https://cms.tn.gov.in/cms_migrated/document/docfiles/pd_e_pn_2026_27.pdf
"September 9, 2026",Announcements of Public Department - 2026-2027 - Tamil Version,,https://cms.tn.gov.in/cms_migrated/document/announcements/public_t_ann_2026_27.pdf
"September 9, 2026",Policy Note of Transport Department -2026-27 - Tamil Version,,https://cms.tn.gov.in/cms_migrated/document/docfiles/transport_t_pn_2026_27.pdf
"September 9, 2026",Policy Note of Motor Vehicles Acts - Administration Department - 2026-27 - Tamil Version,,https://cms.tn.gov.in/cms_migrated/document/docfiles/mvaa_t_pn_2026_27.pdf
"September 9, 2026",Policy Note of Transport Department -2026-27 - English Version,,https://cms.tn.gov.in/cms_migrated/document/docfiles/transport_e_pn_2026_27.pdf
"September 9, 2026",Announcements of Finance Department - 2026-2027 - Tamil Version,,https://cms.tn.gov.in/cms_migrated/document/announcements/fin_t_ann_2026_27.pdf
"September 9, 2026",G. Os of Public Department - Tamil Version,,https://www.tn.gov.in/kyg_template_tn/go.php?dep_id=MjQ=&year=MjAyNg==
"September 9, 2026",Policy Note of Agriculture- Farmers Welfare Department - 2026-27 - English Version,,https://cms.tn.gov.in/cms_migrated/document/docfiles/agri_e_pn_2026_27.pdf
"September 8, 2026",Policy Note of Commercial Taxes Department - 2026-27 - Tamil Version,,https://cms.tn.gov.in/cms_migrated/document/docfiles/ctax_t_pn_2026_27.pdf
"September 8, 2026",Announcements of Stamps and Registration Department - 2026-27 - Tamil Version,,https://cms.tn.gov.in/cms_migrated/document/announcements/stamps_t_ann_2026_27.pdf
"September 8, 2026",Announcements of Commercial Taxes Department - 2026-27 - Tamil Version,,https://cms.tn.gov.in/cms_migrated/document/announcements/ctax_t_ann_2026_27.pdf
"September 8, 2026",Policy Note of Stamps and Registration Department - 2026-27 - Tamil Version,,https://cms.tn.gov.in/cms_migrated/document/docfiles/stamps_t_pn_2026_27.pdf
"September 8, 2026",Policy Note of Finance Department - 2026-27 - English Version,,https://cms.tn.gov.in/cms_migrated/document/docfiles/finance_e_pn_2026_27.pdf
"September 8, 2026",Policy Note of Finance Department - 2026-27 -Tamil Version,,https://cms.tn.gov.in/cms_migrated/document/docfiles/finance_t_pn_2026_27.pdf
"September 8, 2026",Policy Note - Pension and other Retirement benefits- 2026-27 - Tamil Version,,https://cms.tn.gov.in/cms_migrated/document/docfiles/pension_t_pn_2026_27.pdf
"September 8, 2026",Policy Note - Pension and other Retirement benefits- 2026-27 - English Version,,https://cms.tn.gov.in/cms_migrated/document/docfiles/pension_e_pn_2026_27.pdf
"September 8, 2026",Policy Note of Stamps and Registration Department - 2026-27 - English Version,,https://cms.tn.gov.in/cms_migrated/document/docfiles/stamps_e_pn_2026_27.pdf
"September 8, 2026",Policy Note of Commercial Taxes Department - 2026-27 - English Version,,https://cms.tn.gov.in/cms_migrated/document/docfiles/ctax_e_pn_2026_27.pdf
"September 7, 2026",Announcements of Forests Department - 2026-27 - Tamil Version,,https://cms.tn.gov.in/cms_migrated/document/announcements/forests_t_ann_2026_27.pdf
"September 7, 2026",Policy Note of Environment and Climate Change - 2026-27 - English Version,,https://cms.tn.gov.in/cms_migrated/document/docfiles/ecc_e_pn_2026_27.pdf
"September 7, 2026",Announcements of Environment and Climate Change - 2026-27 - Tamil Version,,https://cms.tn.gov.in/cms_migrated/document/announcements/ecc_t_ann_2026_27.pdf
"September 7, 2026",Policy Note of Forests Department - 2026-27 - Tamil Version,,https://cms.tn.gov.in/cms_migrated/document/docfiles/forests_t_pn_2026_27.pdf
"September 7, 2026",Policy Note of Forests Department - 2026-27 - English Version,,https://cms.tn.gov.in/cms_migrated/document/docfiles/forests_e_pn_2026_27.pdf
"September 7, 2026",Policy Note of Environment and Climate Change - 2026-27 - Tamil Version,,https://cms.tn.gov.in/cms_migrated/document/docfiles/ecc_t_pn_2026_27.pdf
"September 3, 2026",Policy Note of Police Department - 2026-27 - English Version,,https://cms.tn.gov.in/cms_migrated/document/docfiles/police_e_pn_2026_27.pdf
"September 3, 2026","Announcements of Police, Fire and Rescue Services Department - 2026 - 27 - Tamil Version",,https://cms.tn.gov.in/cms_migrated/document/announcements/police_fire_service_t_ann_2026_27.pdf
"September 3, 2026",Policy Note of Fire and Rescue Services Department - 2026-27 - English Version,,https://cms.tn.gov.in/cms_migrated/document/docfiles/fire_rescue_e_pn_2026_27.pdf
"September 3, 2026",Policy Note of Police Department - 2026-27 - Tamil Version,,https://cms.tn.gov.in/cms_migrated/document/docfiles/police_t_pn_2026_27.pdf
"September 3, 2026",Policy Note of Fire and Rescue Services Department - 2026-27 - Tamil Version,,https://cms.tn.gov.in/cms_migrated/document/docfiles/fire_rescue_t_pn_2026_27.pdf
"September 2, 2026",Policy Note of Dairy Development Department - 2026-2027 - English Version,,https://cms.tn.gov.in/cms_migrated/document/docfiles/dairy_e_pn_2026_27.pdf
"September 2, 2026","Announcements of Micro, Small and Medium Enterprises Department - 2026-27 - Tamil Version",,https://cms.tn.gov.in/cms_migrated/document/announcements/msme_t_ann_2026_27.pdf
"September 2, 2026","Policy Note of Micro, Small and Medium Enterprises Department - 2026-27 - English Version",,https://cms.tn.gov.in/cms_migrated/document/docfiles/msme_e_pn_2026_27.pdf
"September 2, 2026",Policy Note of Social Welfare and Women Empowerment Department - 2026-27 - English Version,,https://cms.tn.gov.in/cms_migrated/document/docfiles/swwe_e_pn_2026_27.pdf
"September 2, 2026",Policy Note of Social Welfare and Women Empowerment Department - 2026-27 - Tamil Version,,https://cms.tn.gov.in/cms_migrated/document/docfiles/swwe_t_pn_2026_27.pdf
"September 2, 2026",Policy Note of Handlooms and Textiles Department - 2026-27 - Tamil Version,,https://cms.tn.gov.in/cms_migrated/document/docfiles/hhtk_t_pn_2026_27.pdf
"September 2, 2026",Performance Budget of Handlooms Department - 2026-27 - English Version,,https://cms.tn.gov.in/cms_migrated/document/docfiles/handlooms_e_pb_2026_27.pdf
"September 2, 2026",Policy Note of Handlooms and Textiles Department - 2026-27 - English Version,,https://cms.tn.gov.in/cms_migrated/document/docfiles/hhtk_e_pn_2026_27.pdf
"September 2, 2026",Performance Budget of Handlooms Department - 2026-27 - Tamil Version,,https://cms.tn.gov.in/cms_migrated/document/docfiles/handlooms_t_pb_2026_27.pdf
"September 2, 2026","Policy Note of Micro, Small and Medium Enterprises Department - 2026-27 - Tamil Version",,https://cms.tn.gov.in/cms_migrated/document/docfiles/msme_t_pn_2026_27.pdf
"September 2, 2026",Announcements of Handlooms and Textiles Department- 2026-27 - Tamil Version,,https://cms.tn.gov.in/cms_migrated/document/announcements/hhtk_t_ann_2026_27.pdf
"September 2, 2026",Performance Budget of Textiles Department - 2026-27 - English Version,,https://cms.tn.gov.in/cms_migrated/document/docfiles/textiles_e_pb_2026_27.pdf
"September 2, 2026",Performance Budget of Textiles Department - 2026-27 - Tamil Version,,https://cms.tn.gov.in/cms_migrated/document/docfiles/textiles_t_pb_2026_27.pdf
"September 2, 2026",Policy Note of Animal Husbandry Department - 2026-2027 - English Version,,https://cms.tn.gov.in/cms_migrated/document/docfiles/ah_e_pn_2026_27.pdf
"September 2, 2026",Policy Note of Animal Husbandry Department - 2026-2027 - Tamil Version,,https://cms.tn.gov.in/cms_migrated/document/docfiles/ah_t_pn_2026_27.pdf
"September 2, 2026",Policy Note of Fisheries and Fishermen Welfare Department - 2026-2027 - English Version,,https://cms.tn.gov.in/cms_migrated/document/docfiles/fisheries_e_pn_2026_27.pdf
"September 2, 2026",Policy Note of Fisheries and Fishermen Welfare Department - 2026-2027 - Tamil Version,,https://cms.tn.gov.in/cms_migrated/document/docfiles/fisheries_t_pn_2026_27.pdf
"September 2, 2026",Policy Note of Dairy Development Department - 2026-2027 - Tamil Version,,https://cms.tn.gov.in/cms_migrated/document/docfiles/dairy_t_pn_2026_27.pdf
"September 1, 2026",Policy Note of Sericulture and Handicrafts Department - 2026-27 - Tamil Version,,https://cms.tn.gov.in/cms_migrated/document/docfiles/sericulture_hc_e_pn_2026_27.pdf
"September 1, 2026",Performance Budget of Sericulture Department - 2026-27 - English Version,,https://cms.tn.gov.in/cms_migrated/document/docfiles/sericulture_e_pb_2026_27.pdf
"September 1, 2026",Performance Budget of Sericulture Department - 2026-27 - Tamil Version,,https://cms.tn.gov.in/cms_migrated/document/docfiles/sericulture_t_pb_2026_27.pdf
"September 1, 2026",Policy Note of Labour Welfare and Skill Development Department - 2026-27 - English Version,,https://cms.tn.gov.in/cms_migrated/document/docfiles/lwsd_e_pn_2026_27.pdf
"September 1, 2026",Policy Note of Labour Welfare and Skill Development Department - 2026-27 - Tamil Version,,https://cms.tn.gov.in/cms_migrated/document/docfiles/lwsd_t_pn_2026_27.pdf
"September 1, 2026",Performance Budget of Social Justice Department - 2026-27 - Tamil Version,,https://cms.tn.gov.in/cms_migrated/document/docfiles/sj_t_pb_2026_27.pdf
"September 1, 2026",Policy Note of Khadi and Village Industries Department - 2026-27 - English Version,,https://cms.tn.gov.in/cms_migrated/document/docfiles/kvi_e_pn_2026_27.pdf
"September 1, 2026",Performance Budget of Social Justice Department - 2026-27 - English Version,,https://cms.tn.gov.in/cms_migrated/document/docfiles/sj_e_pb_2026_27.pdf
"September 1, 2026",Citizens charter of Social Justice Department - 2026-27 - Tamil Version,,https://cms.tn.gov.in/cms_migrated/document/docfiles/sj_t_cc_2026_27.pdf
"September 1, 2026",Citizens charter of Social Justice Department - 2026-27 - English Version,,https://cms.tn.gov.in/cms_migrated/document/docfiles/sj_e_cc_2026_27.pdf
"September 1, 2026",Policy Note of Khadi and Village Industries Department - 2026-27 - Tamil Version,,https://cms.tn.gov.in/cms_migrated/document/docfiles/kvi_t_pn_2026_27.pdf
"August 31, 2026",Announcements of Social Welfare and Women Empowerment Department 2026-2027 - Tamil Version,,https://cms.tn.gov.in/cms_migrated/document/announcements/swwe_t_ann_2026_27.pdf
"August 31, 2026",Policy Note of Prohibition and Excise Department - 2026-2027 - English Version,,https://cms.tn.gov.in/cms_migrated/document/docfiles/prohexc_e_pn_2026_27.pdf
"August 31, 2026",Policy Note of Prohibition and Excise Department - 2026-2027 - Tamil Version,,https://cms.tn.gov.in/cms_migrated/document/docfiles/prohexc_t_pn_2026_27.pdf
"August 31, 2026",Policy Note of Welfare of Differently Abled Persons Department - 2026-2027 - English Version,,https://cms.tn.gov.in/cms_migrated/document/docfiles/wdap_e_pn_2026_27.pdf
"August 31, 2026",Policy Note of Welfare of Differently Abled Persons Department - 2026-2027 - Tamil Version,,https://cms.tn.gov.in/cms_migrated/document/docfiles/wdap_t_pn_2026_27.pdf
"August 31, 2026",Announcements of Prohibition and Excise Department 2026-2027 - Tamil Version,,https://cms.tn.gov.in/cms_migrated/document/announcements/prohexc_t_ann_2026_27.pdf
"August 31, 2026",Announcements of Welfare of Differently Abled Persons Department - 2026-2027 - Tamil Version,,https://cms.tn.gov.in/cms_migrated/document/announcements/wdap_t_ann_2026_27.pdf
"August 31, 2026",G. Os of Human Resources Management Department,,https://cms.tn.gov.in/cms_migrated/document/GO/hrm_e_53_2026.pdf
"August 28, 2026","Citizens Charter of BC, MBC and Minorities Welfare Department - 2026-27 - Tamil Version",,https://cms.tn.gov.in/cms_migrated/document/docfiles/bcmbc_t_cc_2026-27.pdf
"August 28, 2026",Policy Note of Housing and Urban Development Department - 2026 - 27 - English Version,,https://cms.tn.gov.in/cms_migrated/document/docfiles/hud_e_pn_2026_27.pdf
"August 28, 2026",Policy Note of Housing and Urban Development Department - 2026 - 27 - Tamil Version,,https://cms.tn.gov.in/cms_migrated/document/docfiles/hud_t_pn_2026_27.pdf
"August 28, 2026",Announcements of Housing and Urban Development Department - 2026 - 2027 - Tamil Version,,https://cms.tn.gov.in/cms_migrated/document/announcements/hud_t_ann_2026_27.pdf
"August 28, 2026","Citizens Charter of BC, MBC and Minorities Welfare Department - 2026-27 - English Version",,https://cms.tn.gov.in/cms_migrated/document/docfiles/bcmbc_e_cc_2026-27.pdf
"August 27, 2026",Policy Note of Social Justice Department - 2026-27 - English version,,https://cms.tn.gov.in/cms_migrated/document/docfiles/sj_e_pn_2026_27.pdf
"August 27, 2026",Announcements of Social Justice Department - 2026-2027 - Tamil Version,,https://cms.tn.gov.in/cms_migrated/document/announcements/sj_t_ann_2026_27.pdf
"August 27, 2026","Announcements of Artificial Intelligence, Information Technology and Digital Services Department - 2026-2027 - Tamil Version",,https://cms.tn.gov.in/cms_migrated/document/announcements/it_t_ann_2026_27.pdf
"August 27, 2026","Announcements of Industries, Investment Promotion and Commerce Department - 2026-2027 - Tamil Version",,https://cms.tn.gov.in/cms_migrated/document/announcements/ind_t_ann_2026_27.pdf
"August 27, 2026",Policy Note of Minorities Welfare Department - 2026-27 - Tamil Version,,https://cms.tn.gov.in/cms_migrated/document/docfiles/mw_t_pn_2026_27.pdf
"August 27, 2026",Policy Note of Minorities Welfare Department - 2026-27 - English version,,https://cms.tn.gov.in/cms_migrated/document/docfiles/mw_e_pn_2026_27.pdf
"August 27, 2026",Policy Note of Backward Classes and Most Backward Classes Welfare Department - 2026-27 - English version,,https://cms.tn.gov.in/cms_migrated/document/docfiles/bcmbc_e_pn_2026_27.pdf
"August 27, 2026",Policy Note of Backward Classes and Most Backward Classes Welfare Department - 2026-27 - Tamil Version,,https://cms.tn.gov.in/cms_migrated/document/docfiles/bcmbc_t_pn_2026_27.pdf
"August 27, 2026",Policy Note of Social Justice Department - 2026-27 - Tamil Version,,https://cms.tn.gov.in/cms_migrated/document/docfiles/sj_t_pn_2026_27.pdf
"August 27, 2026","Announcements of BC, MBC and Minorities Welfare Department - 2026-2027 - Tamil Version",,https://cms.tn.gov.in/cms_migrated/document/announcements/bcmbc_t_ann_2026_27.pdf
"August 27, 2026",Announcements of Minorities Welfare Department - 2026-2027 - Tamil Version,,https://cms.tn.gov.in/cms_migrated/document/announcements/mw_t_ann_2026_27.pdf
"August 27, 2026",Announcements of Natural Resources Department - 2026-2027 - Tamil Version,,https://cms.tn.gov.in/cms_migrated/document/announcements/nrd_t_ann_2026_27.pdf
"August 25, 2026",Policy Note of Natural Resources Department - 2026-2027 - English version,,https://cms.tn.gov.in/cms_migrated/document/docfiles/nrd_e_pn_2026_27.pdf
"August 25, 2026",Announcements of Higher Education Department - 2026-2027 - Tamil Version,,https://cms.tn.gov.in/cms_migrated/document/announcements/hedu_t_ann_2026_27.pdf
"August 25, 2026",Announcements of Municipal Administration and Water Supply Department - 2026-2027 - Tamil Version,,https://cms.tn.gov.in/cms_migrated/document/announcements/maws_t_ann_2026_27.pdf
"August 25, 2026",Announcements of School Education Department - 2026-2027 - Tamil Version,,https://cms.tn.gov.in/cms_migrated/document/announcements/schedu_t_ann_2026_27.pdf
"August 25, 2026",Announcements of Tamil Development Department - 2026-2027 - Tamil Version,,https://cms.tn.gov.in/cms_migrated/document/announcements/tamildev_t_ann_2026_27.pdf
"August 25, 2026",Announcements of Information and Publicity Department - 2026-2027 - Tamil Version,,https://cms.tn.gov.in/cms_migrated/document/announcements/ipr_t_ann_2026_27.pdf
"August 25, 2026",Announcements of Energy Department 2026-2027 - Tamil Version,,https://cms.tn.gov.in/cms_migrated/document/announcements/energy_t_ann_2026_27.pdf
"August 25, 2026","Policy Note of Industries, Investment Promotion and Commerce Department - 2026-2027 - English version",,https://cms.tn.gov.in/cms_migrated/document/docfiles/ind_e_pn_2026_27.pdf
"August 25, 2026","Policy Note of Industries, Investment Promotion and Commerce Department - 2026-2027 - Tamil Version",,https://cms.tn.gov.in/cms_migrated/document/docfiles/ind_t_pn_2026_27.pdf
"August 25, 2026","Policy Note of Artificial Intelligence, Information Technology and Digital Services Department - 2026-2027 - Tamil Version",,https://cms.tn.gov.in/cms_migrated/document/docfiles/it_t_pn_2026_27.pdf
"August 25, 2026",Announcements of Law Department - 2026-2027 - Tamil Version,,https://cms.tn.gov.in/cms_migrated/document/announcements/law_t_ann_2026_27.pdf
"August 25, 2026","Policy Note of Artificial Intelligence, Information Technology and Digital Services Department - 2026-2027 - English version",,https://cms.tn.gov.in/cms_migrated/document/docfiles/it_e_pn_2026_27.pdf
"August 25, 2026",Announcements of Stationery and Printing Department - 2026-2027 - Tamil Version,,https://cms.tn.gov.in/cms_migrated/document/announcements/sp_t_ann_2026_27.pdf
"August 25, 2026",Policy Note of Natural Resources Department - 2026-2027 - Tamil Version,,https://cms.tn.gov.in/cms_migrated/document/docfiles/nrd_t_pn_2026_27.pdf
"August 24, 2026",Policy Note of Information and Publicity Department - 2026-2027 - Tamil Version,,https://cms.tn.gov.in/cms_migrated/document/docfiles/ip_t_pn_2026_27.pdf
"August 24, 2026",Policy Note of School Education Department - 2026-2027 - Tamil Version,,https://cms.tn.gov.in/cms_migrated/document/docfiles/sedu_t_pn_2026_27.pdf
"August 24, 2026",Policy Note of School Education Department - 2026-2027 - English Version,,https://cms.tn.gov.in/cms_migrated/document/docfiles/sedu_e_pn_2026_27.pdf
"August 24, 2026",Policy Note of Higher Education Department - 2026-2027 - Tamil Version,,https://cms.tn.gov.in/cms_migrated/document/docfiles/hedu_t_pn_2026_27.pdf
"August 24, 2026",Policy Note of Tamil Development Department - 2026-2027 - Tamil Version,,https://cms.tn.gov.in/cms_migrated/document/docfiles/tamildev_t_pn_2026_27.pdf
"August 24, 2026","Announcements of Administration of Justice, Prisons and Correctional Services - 2026-2027 - Tamil Version",,https://cms.tn.gov.in/cms_migrated/document/announcements/courts_prisons_t_ann_2026_27.pdf
"August 24, 2026",Announcements of Revenue and Disaster Management Department - 2026-2027 -Tamil Version,,https://cms.tn.gov.in/cms_migrated/document/announcements/revenue_t_ann_2026_27.pdf
"August 24, 2026",Announcements of Special Programme Implementation Department - 2026-2027 - Tamil Version,,https://cms.tn.gov.in/cms_migrated/document/announcements/spi_t_ann_2026_27.pdf
"August 24, 2026",Policy Note of Municipal Administration and Water Supply Department - 2026-2027 - Tamil version,,https://cms.tn.gov.in/cms_migrated/document/docfiles/maws_t_pn_2026_27.pdf
"August 24, 2026",Policy Note of Municipal Administration and Water Supply Department - 2026-2027 - English version,,https://cms.tn.gov.in/cms_migrated/document/docfiles/maws_e_pn_2026_27.pdf
"August 24, 2026",Policy Note of Higher Education Department - 2026-2027 - English Version,,https://cms.tn.gov.in/cms_migrated/document/docfiles/hedu_e_pn_2026_27.pdf
"August 24, 2026",Policy Note of Tamil Development Department - 2026-2027 - English Version,,https://cms.tn.gov.in/cms_migrated/document/docfiles/tamildev_e_pn_2026_27.pdf
"August 24, 2026",Policy Note of Stationery and Printing Department - 2026-2027 - English Version,,https://cms.tn.gov.in/cms_migrated/document/docfiles/sp_e_pn_2026_27.pdf
"August 24, 2026",Policy Note of Stationery and Printing Department - 2026-2027 - Tamil Version,,https://cms.tn.gov.in/cms_migrated/document/docfiles/sp_t_pn_2026_27.pdf
"August 24, 2026",Policy Note of Information and Publicity Department - 2026-2027 - English Version,,https://cms.tn.gov.in/cms_migrated/document/docfiles/ip_e_pn_2026_27.pdf
"August 21, 2026",Policy Note of Administration of Justice - 2026-2027 - Tamil Version,,https://cms.tn.gov.in/cms_migrated/document/docfiles/home_court_t_pn_2026_27.pdf
"August 21, 2026","Policy Note, Special Programme, Implementation, Department, 2026-27 - Tamil Version",,https://cms.tn.gov.in/cms_migrated/document/docfiles/spi_t_pn_2026_27.pdf
"August 21, 2026",Policy Note of Prisons and Correctional Services - 2026-27 - Tamil Version,,https://cms.tn.gov.in/cms_migrated/document/docfiles/prisons_t_pn_2026_27.pdf
"August 21, 2026",Policy Note of Administration of Justice - 2026-2027 - English Version,,https://cms.tn.gov.in/cms_migrated/document/docfiles/home_court_e_pn_2026_27.pdf
"August 21, 2026",Policy Note of Law Department - 2026-27 - English Version,,https://cms.tn.gov.in/cms_migrated/document/docfiles/law_e_pn_2026_27.pdf
"August 21, 2026",Policy Note of Law Department - 2026-27 - Tamil Version,,https://cms.tn.gov.in/cms_migrated/document/docfiles/law_t_pn_2026_27.pdf
"August 21, 2026",Policy Note of Energy Department - 2026-27 - English Version,,https://cms.tn.gov.in/cms_migrated/document/docfiles/energy_e_pn_2026_27.pdf
"August 21, 2026",Policy Note of Energy Department - 2026-27 - Tamil Version,,https://cms.tn.gov.in/cms_migrated/document/docfiles/energy_t_pn_2026_27.pdf
"August 21, 2026",Policy Note of Hindu Religious and Charitable Endowments Department - 2026-27 - English Version,,https://cms.tn.gov.in/cms_migrated/document/docfiles/hrce_e_pn_2026_27.pdf
"August 21, 2026",Policy Note of Hindu Religious and Charitable Endowments Department - 2026-27 - Tamil Version,,https://cms.tn.gov.in/cms_migrated/document/docfiles/hrce_t_pn_2026_27.pdf
"August 21, 2026",Policy Note of Prisons and Correctional Services - 2026-27 - English Version,,https://cms.tn.gov.in/cms_migrated/document/docfiles/prisons_e_pn_2026_27.pdf
"August 21, 2026",Policy Note of Special Programme Implementation Department - 2026-27 - English Version,,https://cms.tn.gov.in/cms_migrated/document/docfiles/spi_e_pn_2026_27.pdf
"August 20, 2026",Policy Note of Health and Family Welfare Department - 2026-27 - English Version,,https://cms.tn.gov.in/cms_migrated/document/docfiles/hfw_e_pn_2026_27.pdf
"August 20, 2026",Performance Budget of Health and Family Welfare Department - 2026-2027 - English Version,,https://cms.tn.gov.in/cms_migrated/document/docfiles/hfw_e_pb_2026_27.pdf
"August 20, 2026",Citizens Charter of Health and Family Welfare Department - 2026-2027 - English Version,,https://cms.tn.gov.in/cms_migrated/document/docfiles/hfw_e_cc_2026_27.pdf
"August 20, 2026",Announcements of Rural Development and Panchayat Raj Department - Poverty Alleviation Programme and Rural Indebtedness - 2026-27 - Tamil Version,,https://cms.tn.gov.in/cms_migrated/document/announcements/rd2_t_ann_2026_27.pdf
"August 20, 2026",Performance Budget of Health and Family Welfare Department - 2026-2027 - Tamil Version,,https://cms.tn.gov.in/cms_migrated/document/docfiles/hfw_t_pb_2026_27.pdf
"August 20, 2026",Citizens Charter of Health and Family Welfare Department - 2026-2027 - Tamil Version,,https://cms.tn.gov.in/cms_migrated/document/docfiles/hfw_t_cc_2026_27.pdf
"August 20, 2026",G. Os of Health and Family Welfare Department,,https://www.tn.gov.in/go.php?dep_id=MTE=&year=MjAyNg==
"August 20, 2026",Policy Note of Food and Consumer Protection - 2026 - 2027 - English Version,,https://cms.tn.gov.in/cms_migrated/document/docfiles/foodcp_e_pn_2026_27.pdf
"August 20, 2026",Policy Note of Cooperation Department - 2026 - 2027 - English Version,,https://cms.tn.gov.in/cms_migrated/document/docfiles/coop_e_pn_2026_27.pdf
"August 20, 2026",Policy Note of Cooperation Department - 2026 - 2027 - Tamil Version,,https://cms.tn.gov.in/cms_migrated/document/docfiles/coop_t_pn_2026_27.pdf
"August 20, 2026",Policy Note of Food and Consumer Protection - 2026 - 2027 - Tamil Version,,https://cms.tn.gov.in/cms_migrated/document/docfiles/foodcp_t_pn_2026_27.pdf
"August 20, 2026",Announcements of Health and Family Welfare Department - 2026-2027 - Tamil Version,,https://cms.tn.gov.in/cms_migrated/document/announcements/hfw_t_ann_2026_27.pdf
"August 20, 2026",Announcements of Food and Consumer Protection - 2026 - 2027 - Tamil Version,,https://cms.tn.gov.in/cms_migrated/document/announcements/foodcp_t_ann_2026_27.pdf
"August 20, 2026",Announcements of Cooperation Department - 2026 - 2027 - Tamil Version,,https://cms.tn.gov.in/cms_migrated/document/announcements/coop_t_ann_2026_27.pdf
"August 20, 2026",Announcements of Rural Development and Panchayat Raj Department - 2026-27 - Tamil Version,,https://cms.tn.gov.in/cms_migrated/document/announcements/rd_t_ann_2026_27.pdf
"August 20, 2026",Policy Note of Tourism Department - 2026-27 - Tamil Version,,https://cms.tn.gov.in/cms_migrated/document/docfiles/tourism_t_pn_2026_27.pdf
"August 20, 2026",Announcements of Tourism Department - 2026-27 - Tamil Version,,https://cms.tn.gov.in/cms_migrated/document/announcements/tourism_t_ann_2026_27.pdf
"August 20, 2026",Announcements of Water Resources Department - 2026-2027 - Tamil Version,,https://cms.tn.gov.in/cms_migrated/document/announcements/wrd_t_ann_2026_27.pdf
"August 20, 2026",Policy Note of Health and Family Welfare Department - 2026-27 - Tamil Version,,https://cms.tn.gov.in/cms_migrated/document/docfiles/hfw_t_pn_2026_27.pdf
"August 20, 2026","Announcements of Art and Culture, Archaeology and Museums Department – Announcements – 2026–27 - Tamil Version",,https://cms.tn.gov.in/cms_migrated/document/announcements/artculture_t_ann_2026_27.pdf
"August 19, 2026",Announcements of Youth Welfare and Sports Development Department - 2026-27 - Tamil Version,,https://cms.tn.gov.in/cms_migrated/document/announcements/ywsd_t_ann_2026_27.pdf
"August 19, 2026",Policy Note of Tourism Department - 2026-27 - English Version,,https://cms.tn.gov.in/cms_migrated/document/docfiles/tourism_e_pn_2026_27.pdf
"August 19, 2026","Policy Note of Art and Culture, Museums, Archaeology Department - 2026-27 - Tamil Version",,https://cms.tn.gov.in/cms_migrated/document/docfiles/artculture_t_pn_2026_27.pdf
"August 19, 2026","Policy Note of Art and Culture, Museums, Archaeology Department - 2026-27 - English Version",,https://cms.tn.gov.in/cms_migrated/document/docfiles/artculture_e_pn_2026_27.pdf
"August 19, 2026",Announcement of Public Works Department - 2026-27 - Tamil Version,,https://cms.tn.gov.in/cms_migrated/document/announcements/pwd_t_ann_2026_27.pdf
"August 19, 2026",Announcement of Highways and Minor Ports Department - 2026-27 - Tamil Version,,https://cms.tn.gov.in/cms_migrated/document/announcements/hw_t_ann_2026_27.pdf
"August 19, 2026",Announcements of Human Resources Management Department - 2026-27 - Tamil Version,,https://cms.tn.gov.in/cms_migrated/document/announcements/hrm_t_ann_2026_27.pdf
"August 18, 2026",Policy Note of Human Resources Management Department - 2026-2027 - Tamil Version,,https://cms.tn.gov.in/cms_migrated/document/docfiles/hrm_t_pn_2026_27.pdf
"August 18, 2026",Policy Note of Youth Welfare and Sports Development Department - 2026-27 - Tamil Version,,https://cms.tn.gov.in/cms_migrated/document/docfiles/ywsd_t_pn_2026_27.pdf
"August 18, 2026",Policy Note of Youth Welfare and Sports Development Department - 2026-27 - Englsih Version,,https://cms.tn.gov.in/cms_migrated/document/docfiles/ywsd_e_pn_2026_27.pdf
"August 18, 2026",Policy Note of Public Works Department - 2026-27 - Tamil Version,,https://cms.tn.gov.in/cms_migrated/document/docfiles/pwd_t_pn_2026_27.pdf
"August 18, 2026",Policy Note of Public Works Department - 2026-27 - English Version,,https://cms.tn.gov.in/cms_migrated/document/docfiles/pwd_e_pn_2026_27.pdf
"August 18, 2026",Policy Note of Highways and Minor Ports Department - 2026-27 - Tamil Version,,https://cms.tn.gov.in/cms_migrated/document/docfiles/hw_t_pn_2026_27.pdf
"August 18, 2026",Policy Note of Highways and Minor Ports Department - 2026-27 - English Version,,https://cms.tn.gov.in/cms_migrated/document/docfiles/hw_e_pn_2026_27.pdf
"August 18, 2026",Policy Note of Revenue and Disaster Management Department - 2026-2027 - Tamil Version,,https://cms.tn.gov.in/cms_migrated/document/docfiles/revenue_t_pn_2026_27.pdf
"August 18, 2026",Policy Note of Revenue and Disaster Management Department - 2026-2027 - English Version,,https://cms.tn.gov.in/cms_migrated/document/docfiles/revenue_e_pn_2026_27.pdf
"August 18, 2026",Policy Note of Human Resources Management Department - 2026-2027 - English Version,,https://cms.tn.gov.in/cms_migrated/document/docfiles/hrm_e_pn_2026_27.pdf
"August 12, 2026",G.Os of Rural Development and Panchayat Raj Department - English Version,,https://cms.tn.gov.in/cms_migrated/document/GO/rd_e_ms_134_2026.pdf
"August 10, 2026",G.Os of Rural Development and Panchayat Raj Department - Tamil Version,,https://www.tn.gov.in/kyg_template_tn/go.php?dep_id=Mjc=&year=MjAyNg==
"August 6, 2026",Agriculture Budget Speech - 2026-2027 - English Version,,https://cms.tn.gov.in/cms_migrated/document/docfiles/agri_budget_speech_e_2026_27.pdf
"August 6, 2026",Agriculture Budget Speech - 2026-2027 - Tamil Version,,https://cms.tn.gov.in/cms_migrated/document/docfiles/agri_budget_speech_t_2026_27.pdf
"August 5, 2026","Budget Speech of the Honble Minister for Finance, Planning and Development for the year 2026-2027 - Tamil Version",,https://cms.tn.gov.in/cms_migrated/document/docfiles/budget_speech_t_2026_2027.pdf
"August 5, 2026","Budget Speech of the Honble Minister for Finance, Planning and Development for the year 2026-2027 - English Version",,https://cms.tn.gov.in/cms_migrated/document/docfiles/budget_speech_e_2026_2027.pdf
"July 29, 2026",G.Os of Housing and Urban Development Department,,https://cms.tn.gov.in/cms_migrated/document/GO/hud_t_148_2026.pdf
"July 28, 2026",G.Os of Rural Development and Panchayat Raj Department,,https://www.tn.gov.in/go.php?dep_id=Mjc=&year=MjAyNg==
"July 23, 2026",G. Os of Social Welfare and Women Empowerment Department,,https://cms.tn.gov.in/cms_migrated/document/GO/swwe_t_20_2026.pdf
"July 22, 2026",G. Os of Social Welfare and Women Empowerment Department - Tamil Version,,https://www.tn.gov.in/kyg_template_tn/go.php?dep_id=MzA=&year=MjAyNg==
"July 15, 2026",G.Os of Water Resources Department,,https://www.tn.gov.in/go.php?dep_id=NDQ=&year=MjAyNg==
"July 15, 2026",G.Os of Commercial Taxes and Registration Department,,https://www.tn.gov.in/go.php?dep_id=Ng==&year=MjAyNQ==
"July 14, 2026",Applications invited for Appointment to the post of State Chief Information Commissioner and four State Information Commissioners in the Tamil Nadu Information Commission-2026,,https://cms.tn.gov.in/cms_migrated/document/job_opportunity/Notification_sic_14072026.pdf
"July 9, 2026","G.Os of Micro, Small and Medium Enterprises Department",,https://www.tn.gov.in/go.php?dep_id=Mjk=&year=MjAyNg==
"July 8, 2026","Tamil Nadu Electricity Regulatory Commission - Appointment Notification for the Post of Chairperson, Member and Member (Legal) - Last date 28th July 2026 till 6.00 P.M",,https://cms.tn.gov.in/cms_migrated/document/announcements/tnerc_080726.pdf
"July 6, 2026",G.Os of Adi Dravidar and Tribal Welfare Department - Tamil Version,,https://www.tn.gov.in/kyg_template_tn/go.php?dep_id=MQ==&year=MjAyNQ==
"July 6, 2026","G.Os of Handlooms, Handicrafts, Textiles and Khadi Department",,https://www.tn.gov.in/go.php?dep_id=MTA=&year=MjAyNg==
"July 3, 2026",Pension - Sustenance support to eligible Government servants retiring under the CPS on or after 01.01.2026 till the notification of regular TAPS rules - Interim Payout- Clarification sought for - Issued,,https://cms.tn.gov.in/cms_migrated/document/GO/fin_e_14190711_2026_lr.pdf
"June 30, 2026",G.O of Rural Development and Panchayat Raj Department - Schemes - Centrally Sponsored Schemes - PMGSY-III Batch-I (2023 24) Upgradation of roads and upgradation of Bridges Sanctioned - 2nd Mother Sanction Central Share and State Share under programme Fund,,https://cms.tn.gov.in/cms_migrated/document/GO/rd_e_ms_113_2026.pdf
"June 25, 2026","G.Os of Finance Department - MEDICAL AID – New Health Insurance Scheme, 2026 – Provision of Health Care Assistance to the Employees of Government Departments and their eligible family members through the United India Insurance Company Limited, Chennai",,https://cms.tn.gov.in/cms_migrated/document/GO/fin_e_122_2026.pdf
"June 25, 2026","G.Os of Finance Department - New Health Insurance Scheme, 2026 – Provision of Health Care Assistance to the Pensioners (including spouse) / Family Pensioners through the United India Insurance Company Limited, Chennai",,https://cms.tn.gov.in/cms_migrated/document/GO/fin_e_123_2026.pdf
"June 18, 2026",G. Os of Finance Department - Pension –TAPS – Interim Payout Orders Issued for Eligible Government Retirees,,https://cms.tn.gov.in/cms_migrated/document/GO/fin_e_111_2026.pdf
"June 5, 2026",G.Os of Health and Family Welfare Department - Public Health - Thaimaaman Thanga Mothiram Thittam (தாய்மாமன் தங்க மோதிரம் திட்டம்) for newborns delivered in the Government institutions - Administrative and financial sanction - Accorded - Orders -Issued,,https://cms.tn.gov.in/cms_migrated/document/GO/hfw_e_166_ms_2026.pdf
"June 2, 2026","TANFINET Corrigendum - Contract Post Notification - Last date 5th June 2026, 5 PM",,https://cms.tn.gov.in/cms_migrated/document/announcements/TANFINET_020626.pdf
"June 2, 2026","Application form for the post of Additional Advocate General of Tamil Nadu, Supreme Court of India, New Delhi",,https://cms.tn.gov.in/cms_migrated/document/announcements/home_notification_010626.pdf
"June 1, 2026",G. Os of Public Department - MINISTERS - Inter-se-Seniority of Ministers and Subjects- Orders - Issued,,https://cms.tn.gov.in/cms_migrated/document/GO/public_e_366_2026.pdf
"June 1, 2026",G. Os of Public Department - MINISTERS - Allocation of Subjects among Ministers - Orders - Issued.,,https://cms.tn.gov.in/cms_migrated/document/GO/public_e_345_2026.pdf
"May 30, 2026",G. Os of Public Department - MINISTERS - Appointment - Notified - Set 2,,https://cms.tn.gov.in/cms_migrated/document/GO/public_e_344_2026.pdf
"May 30, 2026",G. Os of Public Department - MINISTERS - Appointment - Notified - Set 1,,https://cms.tn.gov.in/cms_migrated/document/GO/public_e_343_2026.pdf
"May 26, 2026",Application Form for the post of Government Advocate (Criminal Side) in the High Court of Madras and its Bench at Madurai - Last date 9th June 2026,,https://cms.tn.gov.in/cms_migrated/document/announcements/home_notification_260526.pdf
"May 20, 2026","TANFINET Corporation - Engagement of Manpower Resources on Contract Basis (Purely Temporary) in TANFINET Corporation - Last date 5th June 2026, 5 PM",,https://cms.tn.gov.in/cms_migrated/document/announcements/TANFINET_200526.pdf
"May 16, 2026",G. Os of Public Department - MINISTERS - Allocation of Business - Notified,,https://cms.tn.gov.in/cms_migrated/document/GO/public_e_338_2026.pdf
"May 15, 2026",G. Os of Finance Department - PENSION – Dearness Allowance to the Pensioners and Family Pensioners – Enhanced Rate admissible from 1st January 2026 - English version,,https://cms.tn.gov.in/cms_migrated/document/GO/fin_e_98_2026.pdf
"May 15, 2026",G. Os of Finance Department - PENSION – Dearness Allowance to the Pensioners and Family Pensioners – Enhanced Rate admissible from 1st January 2026 -Tamil version,,https://cms.tn.gov.in/cms_migrated/document/GO/fin_t_98_2026.pdf
"May 11, 2026",G.Os of Welfare of Differently Abled Persons Department,,https://www.tn.gov.in/go.php?dep_id=MzU=&year=MjAyNg==
"March 11, 2026","G.Os of BC, MBC and Minorities Welfare Department - Tamil Version",,https://www.tn.gov.in/kyg_template_tn/go.php?dep_id=NA==&year=MjAyNg==
"March 11, 2026","G.Os of BC, MBC and Minorities Welfare Department",,https://www.tn.gov.in/go.php?dep_id=NA==&year=MjAyNg==
"March 2, 2026",Indian Army Recruitment Notification – 2027,,https://www.tn.gov.in/army_recruitment.php
"February 26, 2026",Report of High-Level Committee on Union–State Relations - Tamil Version,,https://cms.tn.gov.in/cms_migrated/document/announcements/high_level_committee_report_union_state_relations_t_2026.pdf
"February 26, 2026",Report of High-Level Committee on Union–State Relations - English Version,,https://cms.tn.gov.in/cms_migrated/document/announcements/high_level_committee_report_union_state_relations_e_2026.pdf
"February 17, 2026",Interim Agriculture Budget Speech - 2026-2027 - English Version,,https://cms.tn.gov.in/cms_migrated/document/docfiles/IAB_e_2026_27.pdf
"February 17, 2026",Interim Budget Speech - 2026-2027 - English Version,,https://cms.tn.gov.in/cms_migrated/document/docfiles/IBS_e_2026_27.pdf
"February 17, 2026",Interim Agriculture Budget Speech - 2026-2027 - Tamil Version,,https://cms.tn.gov.in/cms_migrated/document/docfiles/IAB_t_2026_27.pdf
"February 17, 2026",Interim Budget Speech - 2026-2027 - Tamil Version,,https://cms.tn.gov.in/cms_migrated/document/docfiles/IBS_t_2026_27.pdf
"February 5, 2026",G.Os of School Education Department - Tamil Version,,https://www.tn.gov.in/kyg_template_tn/go.php?dep_id=Mjg=&year=MjAyNQ==
"February 5, 2026",G.Os of School Education Department,,https://www.tn.gov.in/go.php?dep_id=Mjg=&year=MjAyNQ==
"January 29, 2026",G.Os of Health and Family Welfare Department - Tamil Version,,https://www.tn.gov.in/kyg_template_tn/go.php?dep_id=MTE=&year=MjAyNQ==
"January 28, 2026",G. Os of Information Technology and Digital Services Department,,https://www.tn.gov.in/go.php?dep_id=MTc=&year=MjAyNQ==
"January 28, 2026","G. Os of Tourism,Culture and Religious Endowments Department",,https://www.tn.gov.in/go.php?dep_id=MzI=&year=MjAyNg==
"January 20, 2026",Address delivered by the Honble Governor in the Legislative Assembly on 20th January 2026 - Tamil Version,,https://cms.tn.gov.in/cms_migrated/document/docfiles/GA_t_200126.pdf
"January 20, 2026",Address delivered by the Honble Governor in the Legislative Assembly on 20th January 2026 - English Version,,https://www.tn.gov.in/ https://cms.tn.gov.in/cms_migrated/document/docfiles/GA_e_200126.pdf
"January 6, 2026",G.Os of Revenue and Disaster Management Department - Tamil Version,,https://www.tn.gov.in/kyg_template_tn/go.php?dep_id=MjY=&year=MjAyNQ==
"December 24, 2025",Online Applications Invited for Ph.D. Scholarship - 2025–2026,,https://cms.tn.gov.in/cms_migrated/document/forms/Phd_scholarship_2025_26.pdf
"November 24, 2025",Medical Services Recruitment Board - Notifications - Sl. No.113,,https://www.mrb.tn.gov.in/notifications.html
"November 24, 2025",Advertisement and Notice -Banning of Unregulated Deposit Schemes (BUDS) Act-2029 – Provisional attachment order of the movable properties,,https://cms.tn.gov.in/cms_migrated/document/announcements/BudsAct_24112025.pdf
"November 14, 2025",Medical Services Recruitment Board - Results - Sl No. 127 and 128,,https://www.tn.gov.in/ https://www.mrb.tn.gov.in/results.html
"November 14, 2025","G.Os of Environment, Climate Change and Forests Department",,https://www.tn.gov.in/go.php?dep_id=OA==&year=MjAyNQ==
"November 11, 2025","G.Os of Public Department - Public Holidays under Negotiable Instruments Act, 1881 for the year 2026 - Tamil Version",,https://cms.tn.gov.in/cms_migrated/document/GO/public_t_708_2025.pdf
"November 11, 2025","G.Os of Public Department - Public Holidays under Negotiable Instruments Act, 1881 for the year 2026",,https://www.tn.gov.in/ https://cms.tn.gov.in/cms_migrated/document/GO/public_e_708_2025.pdf
"October 10, 2025",G. Os of Welfare of Differently Abled Persons - Tamil Version,,https://www.tn.gov.in/kyg_template_tn/go.php?dep_id=MzU=&year=MjAyNQ==
"October 6, 2025","Directorate of Children Welfare and Special Services - Recruitment notification for filling of post of Helpline Administrator, IT Supervisor and Ten Call Operators in Child Helpline - WCD Control Room - ERRATUM - Last date 06th October 2025, 11 AM",,https://cms.tn.gov.in/cms_migrated/document/announcements/tnscs_erratum_oct25.pdf
"October 6, 2025","G.Os of Tourism,Culture and Religious Endowments Department - Tamil Version",,https://www.tn.gov.in/kyg_template_tn/go.php?dep_id=MzI=&year=MjAyNQ==
"September 26, 2025",Tamil Nadu Working Women’s Hostels Corporation Limited - Notification for the Recruitment of Chief Financial Officer - Last Date 24th October 2025,,https://cms.tn.gov.in/cms_migrated/document/announcements/TNWWHCL_CFO_260925.pdf
"September 18, 2025","Directorate of Children Welfare and Special Services - Recruitment notification for filling of post of Helpline Administrator, IT Supervisor and Ten Call Operators in Child Helpline - WCD Control Room - Last date 3rd October 2025, 11 AM",,https://cms.tn.gov.in/cms_migrated/document/announcements/DCWSS_Recruitment_Notification_180925.pdf
"September 12, 2025",TANFINET - Recruitment - Corrigendum for the post of Consultant (Finance and Revenue Assurance) - Last date 30th September 2025,,https://cms.tn.gov.in/cms_migrated/document/job_opportunity/TANFINET_Consultant_Fin_Rev_Assurance_120925.pdf
"August 25, 2025","Establishment of Road Safety Monitoring Unit - Appointment of Specialists, Assistant and Data Entry Operator in RSMU - Notification and Application Form regarding filling up of the posts - Last date 25th September 2025",,https://cms.tn.gov.in/cms_migrated/document/announcements/RSMU_Notification_Application_250825.pdf
"August 25, 2025",Tamil Nadu Working Women’s Hostels Corporation Limited - Notification for the Recruitment of Chief Financial Officer - Last Date 15th September 2025,,https://cms.tn.gov.in/cms_migrated/document/announcements/TNWWHCL_CFO_250825.pdf
"August 22, 2025",Municipal Administration and Water Supply Department - W.P. No.18178 of 2025 order dated 10.06.2025 - Action taken Report and Compliance Report,,https://cms.tn.gov.in/cms_migrated/document/docfiles/WPNo_18178_10062025_Action_taken_Report_Compliance_Report.pdf
"August 19, 2025",TANFINET- Recruitment Notification for the post of Consultant (Finance and Revenue Assurance) on Contract Basis - Last date 12th September 2025,,https://cms.tn.gov.in/cms_migrated/document/announcements/TANFINET_Consultant_Fin_Rev_Assurance_190825.pdf
"August 7, 2025",G. Os of Housing and Urban Development Department - Tamil Version,,https://www.tn.gov.in/kyg_template_tn/go.php?dep_id=MTU=&year=MjAyNQ==
"July 30, 2025",Citizens Charter of Agriculture-Farmers Welfare Department - 2025-2026 - Tamil Version,,https://cms.tn.gov.in/cms_migrated/document/docfiles/agri_t_cc_2025_26.pdf
"July 30, 2025",Citizens Charter of Agriculture-Farmers Welfare Department - 2025-2026 - English Version,,https://cms.tn.gov.in/cms_migrated/document/docfiles/agri_e_cc_2025_26.pdf
"July 28, 2025",Medical Services Recruitment Board - Corrigendum to the notification for Assistant Surgeon (Dental),,https://www.mrb.tn.gov.in/pdf/2025/corrigendum_ASD_distribution_vacancy_EXS_280725.pdf
"July 4, 2025",Employment Offices live register for the period ended 30th June.2025 - Tamil Version,,https://cms.tn.gov.in/cms_migrated/document/employee_det/emp_statistics_t_june_2025.pdf
"July 4, 2025",Employment Offices live register for the period ended 30th June.2025 - English Version,,https://cms.tn.gov.in/cms_migrated/document/employee_det/emp_statistics_e_june_2025.pdf
"July 4, 2025",Applications invited for appointment to the post of one State Information Commissioner in the Tamil Nadu Information Commission - Last date 25th July 2025,,https://cms.tn.gov.in/cms_migrated/document/job_opportunity/Advt_SIC_2025.pdf
"July 2, 2025",Medical Services Recruitment Board - Certificate Verification Schedule for the post of Laboratory Technician Grade - III (Special drive to fill up the Backlog Vacancies under ST Communal Category),,https://www.mrb.tn.gov.in/pdf/2025/LT_III_CV_schedule_020725.pdf
"June 26, 2025",Commercial Taxes and Registration Department - Goods and Services Tax Appellate Tribunal - Selection of two (02) posts of Technical Member (State) in the State of Tamil Nadu - Last date 14th August 2025,,https://cms.tn.gov.in/cms_migrated/document/announcements/GSTAT_Technical_Member_140825.pdf
"June 12, 2025",G. Os of Human Resources Management Department - Tamil Version,,https://www.tn.gov.in/kyg_template_tn/go.php?dep_id=MjI=&year=MjAyNQ==
"June 12, 2025","Applications are invited for the post of One Judicial Member of the Tamil Nadu Lokayukta - Last date 11th July, 2025, 5 PM",,https://cms.tn.gov.in/cms_migrated/document/announcements/JM_advt_Lokayukta.pdf
"June 11, 2025",Tamil Nadu Motor Vehicles Maintenance Department - District wise Government approved firms and rates for Retreading of Tyres for the year 2025-26,,https://cms.tn.gov.in/cms_migrated/document/docfiles/tyreretreading_approved_rates_2025_26.pdf
"June 9, 2025",Commissionerate for Welfare of the Differently Abled - Tender Notification for the procurement of assistive devices for the year 2025-2026,,https://www.scd.tn.gov.in/tender/Tender_Notification_090625.pdf
"May 28, 2025",Medical Services Recruitment Board -Provisional Selection List for the post of Assistant Medical officer (Siddha),,https://mrb.tn.gov.in/pdf/2025/PSL_Siddha_280525.pdf
"May 22, 2025",Social Welfare and Women Empowerment Department - Coffee Table Book - (Tamil version),,https://cms.tn.gov.in/cms_migrated/document/docfiles/swwe_coffee_table_book.pdf
"May 19, 2025","Directorate of Children Welfare and Special Services, Chennai – TNSCPS - Notification for filling up the post of Two Program Officer and one Accounts Assistant – Last date 6th June 2025",,https://cms.tn.gov.in/cms_migrated/document/announcements/TNSCPS_190525_060625.pdf
"May 12, 2025",From Director of Children Welfare and Special Services - Notification for filling up post of One Program Manager in TNSCPS - Last date 30/05/2025,From Director of Children Welfare and Special Services - Notification for filling up post of One Program Manager in TNSCPS - Last date 30/05/2025,https://cms.tn.gov.in/cms_migrated/document/announcements/TNSCPS_120525.pdf
"May 9, 2025",Clean Tamil Nadu Company Limited (CTCL) - CEO post - notified on 22.04.2025- Results,,https://cms.tn.gov.in/cms_migrated/document/announcements/SPI_CTCL_CEO_Result.pdf
"May 8, 2025",Announcements of Forests Department - 2025 - 26,,https://cms.tn.gov.in/cms_migrated/document/announcements/forests_t_ann_2025_26.pdf
"May 7, 2025","Standard Operating Procedure for implementation of the Scheduled Castes and the Scheduled Tribes (Prevention of Atrocities) Act, 1989 and Rules, 1995 - Tamil Version",,https://cms.tn.gov.in/cms_migrated/document/docfiles/SOP_Prevention_Atrocities_Act_t.pdf
"May 7, 2025","Standard Operating Procedure for implementation of the Scheduled Castes and the Scheduled Tribes (Prevention of Atrocities) Act, 1989 and Rules, 1995 - English Version",,https://cms.tn.gov.in/cms_migrated/document/docfiles/SOP_Prevention_Atrocities_Act_e.pdf
"May 5, 2025",Clean Tamil Nadu Company Limited (CTCL) - CEO post - call for - Notification and Application format - Last date 5th May 2025,,https://cms.tn.gov.in/cms_migrated/document/announcements/CEO_CTCL_Notification.pdf
"April 29, 2025",Policy Note of Public Department - 2025-26 - English Version,,https://cms.tn.gov.in/cms_migrated/document/docfiles/public_e_pn_2025_26.pdf
"April 29, 2025",Announcements of Public (Rehabilitation) Department - 2025-26 - Tamil Version,,https://cms.tn.gov.in/cms_migrated/document/announcements/public_rehab_t_ann_2025_26.pdf
"April 29, 2025",Announcements of Public Department - 2025-26 - Tamil Version,,https://cms.tn.gov.in/cms_migrated/document/announcements/public_t_ann_2025_26.pdf
"April 29, 2025",Policy Note of Public Department - 2025-26 - Tamil Version,,https://cms.tn.gov.in/cms_migrated/document/docfiles/public_t_pn_2025_26.pdf
"April 29, 2025",Policy Note of Public (Elections) Department - 2025-26 - Tamil Version,,https://cms.tn.gov.in/cms_migrated/document/docfiles/public_elections_t_pn_2025_26.pdf
"April 29, 2025",Policy Note of Public (Elections) Department - 2025-26 - English Version,,https://cms.tn.gov.in/cms_migrated/document/docfiles/public_elections_e_pn_2025_26.pdf
"April 29, 2025",Policy Note of Minorities Welfare Department - 2025-26 - Tamil Version,,https://cms.tn.gov.in/cms_migrated/document/docfiles/mw_t_pn_2025_26.pdf
"April 29, 2025",Policy Note of Backward Classes and Most Backward Classes Welfare Department - 2025-26 - Tamil Version,,https://cms.tn.gov.in/cms_migrated/document/docfiles/bcmbc_t_pn_2025_26.pdf
"April 29, 2025",Policy Note of Backward Classes and Most Backward Classes Welfare Department - 2025-26 - English Version,,https://cms.tn.gov.in/cms_migrated/document/docfiles/bcmbc_e_pn_2025_26.pdf
"April 29, 2025","Announcements of Police, Fire and Rescue Services Department - 2025-26 - Tamil Version",,https://cms.tn.gov.in/cms_migrated/document/announcements/police_fire_service_t_ann_2025_26.pdf
"April 29, 2025",Announcements of Environment and Climate Change - 2025-2026 - Tamil Version,,https://cms.tn.gov.in/cms_migrated/document/announcements/ecc_t_ann_2025_26.pdf
"April 29, 2025",Policy Note of Minorities Welfare Department - 2025-26 - English Version,,https://cms.tn.gov.in/cms_migrated/document/docfiles/mw_e_pn_2025_26.pdf
"April 28, 2025",Policy Note of Fire and Rescue Services Department - 2025-26 -Tamil Version,,https://cms.tn.gov.in/cms_migrated/document/docfiles/fire_rescue_t_pn_2025_26.pdf
"April 28, 2025",Policy Note of Fire and Rescue Services Department - 2025-26 - English Version,,https://cms.tn.gov.in/cms_migrated/document/docfiles/fire_rescue_e_pn_2025_26.pdf
"April 28, 2025",Policy Note of Police Department - 2025-26 -Tamil Version,,https://cms.tn.gov.in/cms_migrated/document/docfiles/police_t_pn_2025_26.pdf
"April 28, 2025",Policy Note of Police Department - 2025-26 - English Version,,https://cms.tn.gov.in/cms_migrated/document/docfiles/police_e_pn_2025_26.pdf
"April 28, 2025",Policy Note of Environment and Climate Change - 2025-26 - English Version,,https://cms.tn.gov.in/cms_migrated/document/docfiles/ecc_e_pn_2025_26.pdf
"April 28, 2025",Policy Note of Adi Dravidar and Tribal Welfare Department - 2025-26 - Tamil Version,,https://cms.tn.gov.in/cms_migrated/document/docfiles/adtw_t_pn_2025_26.pdf
"April 28, 2025",Policy Note of Adi Dravidar and Tribal Welfare Department - 2025-26 - English Version,,https://cms.tn.gov.in/cms_migrated/document/docfiles/adtw_e_pn_2025_26.pdf
"April 28, 2025",Policy Note of Environment and Climate Change - 2025-26 - Tamil Version,,https://cms.tn.gov.in/cms_migrated/document/docfiles/ecc_t_pn_2025_26.pdf
"April 25, 2025","Policy Note of Industries, Investment Promotion and Commerce Department - 2025-2026 - Tamil Version",,https://cms.tn.gov.in/cms_migrated/document/docfiles/ind_t_pn_2025_26.pdf
"April 25, 2025",Policy Note of Information Technology and Digital Services Department - 2025-2026 - English Version,,https://cms.tn.gov.in/cms_migrated/document/docfiles/it_e_pn_2025_26.pdf
"April 25, 2025","Policy Note of Industries, Investment Promotion and Commerce Department - 2025-2026 - English Version",,https://cms.tn.gov.in/cms_migrated/document/docfiles/ind_e_pn_2025_26.pdf
"April 25, 2025",Policy Note of Information Technology and Digital Services Department - 2025-2026 - Tamil Version,,https://cms.tn.gov.in/cms_migrated/document/docfiles/it_t_pn_2025_26.pdf
"April 24, 2025","House of Tamil Culture, Tamil Nadu House , New Delhi - Advertisement, Application Form and Eligibility Criteria for the Part-time Post of Tamil Music (Vocal) Teacher",,https://cms.tn.gov.in/cms_migrated/document/announcements/Advertisement_Tamil_Music_Vocal_Teacher.pdf
"April 23, 2025",Policy Note of Stamps and Registration Department - 2025-26 - English Version,,https://cms.tn.gov.in/cms_migrated/document/docfiles/stamps_e_pn_2025_26.pdf
"April 23, 2025",Policy Note of Commercial Taxes Department - 2025-26 - Tamil Version,,https://cms.tn.gov.in/cms_migrated/document/docfiles/ctax_t_pn_2025_26.pdf
"April 23, 2025",Policy Note of Commercial Taxes Department - 2025-26 - English Version,,https://cms.tn.gov.in/cms_migrated/document/docfiles/ctax_e_pn_2025_26.pdf
"April 23, 2025",Policy Note of Stamps and Registration Department - 2025-26 - Tamil Version,,https://cms.tn.gov.in/cms_migrated/document/docfiles/stamps_t_pn_2025_26.pdf
"April 22, 2025","Policy Note of Art and Culture, Museums Department - 2025-26 - English Version",,https://cms.tn.gov.in/cms_migrated/document/docfiles/artculture_museums_e_pn_2025_26.pdf
"April 22, 2025",Policy Note of Archaeology Department - 2025-26 - English Version,,https://cms.tn.gov.in/cms_migrated/document/docfiles/archaeology_e_pn_2025_26.pdf
"April 22, 2025",Policy Note of Archaeology Department - 2025-26 - Tamil Version,,https://cms.tn.gov.in/cms_migrated/document/docfiles/archaeology_t_pn_2025_26.pdf
"April 22, 2025","Policy Note of Art and Culture, Museums Department - 2025-26 - Tamil Version",,https://cms.tn.gov.in/cms_migrated/document/docfiles/artculture_museums_t_pn_2025_26.pdf
"April 21, 2025",Policy Note of Health and Family Welfare Department - 2025-26 - Tamil Version,,https://cms.tn.gov.in/cms_migrated/document/docfiles/hfw_t_pn_2025_26.pdf
"April 21, 2025",Policy Note of Tourism Department - 2025-26 - Tamil Version,,https://cms.tn.gov.in/cms_migrated/document/docfiles/tourism_t_pn_2025_26.pdf
"April 21, 2025",Policy Note of Tourism Department - 2025-26 - English Version,,https://cms.tn.gov.in/cms_migrated/document/docfiles/tourism_e_pn_2025_26.pdf
"April 21, 2025",Announcements of Rural Development and Panchayat Raj Department - Poverty Alleviation Programme and Rural Indebtedness - 2025-2026 - Tamil Version,,https://cms.tn.gov.in/cms_migrated/document/announcements/rd2_t_ann_2025_26.pdf
"April 21, 2025",Announcements of Rural Development and Panchayat Raj Department - 2025-26 - Tamil Version,,https://cms.tn.gov.in/cms_migrated/document/announcements/rd_t_ann_2025_26.pdf
"April 21, 2025",Policy Note of Health and Family Welfare Department - 2025-26 - English Version,,https://cms.tn.gov.in/cms_migrated/document/docfiles/hfw_e_pn_2025_26.pdf
"April 17, 2025",Department of Children Welfare and Special Services - State Child Protection Society - Recruitment for 1 post - Vacancies for the Post of One Programme Manager - Last date 30th April 2025,,https://cms.tn.gov.in/cms_migrated/document/announcements/tnscps_170425.pdf
"April 16, 2025",Citizens Charter of Social Welfare and Women Empowerment Department - 2025-26 - Tamil Version,,https://cms.tn.gov.in/cms_migrated/document/docfiles/swwe_t_cc_2025_26.pdf
"April 16, 2025",Performance Budget of Social Welfare and Women Empowerment Department - 2025-26 - Tamil Version,,https://cms.tn.gov.in/cms_migrated/document/docfiles/swwe_t_pb_2025_26.pdf
"April 16, 2025",Citizens Charter of Social Welfare and Women Empowerment Department - 2025-26 - English Version,,https://cms.tn.gov.in/cms_migrated/document/docfiles/swwe_e_cc_2025_26.pdf
"April 16, 2025",Performance Budget of Social Welfare and Women Empowerment Department - 2025-26 - English Version,,https://cms.tn.gov.in/cms_migrated/document/docfiles/swwe_e_pb_2025_26.pdf
"April 16, 2025",Policy Note of Human Resources Management Department - 2025-2026 - Tamil Version,,https://cms.tn.gov.in/cms_migrated/document/docfiles/hrm_t_pn_2025_26.pdf
"April 16, 2025",Policy Note of Human Resources Management Department - 2025-2026 - English Version,,https://cms.tn.gov.in/cms_migrated/document/docfiles/hrm_e_pn_2025_26.pdf
"April 16, 2025",Announcements of Human Resources Management Department - 2025-26 - Tamil Version,,https://cms.tn.gov.in/cms_migrated/document/announcements/hrm_t_ann_2025_26.pdf
"April 9, 2025","Policy Note of Micro, Small and Medium Enterprises Department - 2025-26 - Tamil Version",,https://cms.tn.gov.in/cms_migrated/document/docfiles/msme_t_pn_2025_26.pdf
"April 9, 2025","Announcements of Micro, Small and Medium Enterprises Department - 2025-26 - Tamil Version",,https://cms.tn.gov.in/cms_migrated/document/announcements/msme_t_ann_2025_26.pdf
"April 9, 2025","Policy Note of Micro, Small and Medium Enterprises Department - 2025-26 - English Version",,https://cms.tn.gov.in/cms_migrated/document/docfiles/msme_e_pn_2025_26.pdf
"April 9, 2025",Policy Note of Labour Welfare and Skill Development Department - 2025-26 - English Version,,https://cms.tn.gov.in/cms_migrated/document/docfiles/lwsd_e_pn_2025_26.pdf
"April 9, 2025",Policy Note of Labour Welfare and Skill Development Department - 2025-26 - Tamil Version,,https://cms.tn.gov.in/cms_migrated/document/docfiles/lwsd_t_pn_2025_26.pdf
"April 8, 2025",Policy Note of Food and Consumer Protection - 2025-2026 - Tamil Version,,https://cms.tn.gov.in/cms_migrated/document/docfiles/foodcp_t_pn_2025_26.pdf
"April 8, 2025",Policy Note of Cooperation Department - 2025-2026 - English Version,,https://cms.tn.gov.in/cms_migrated/document/docfiles/coop_e_pn_2025_26.pdf
"April 8, 2025",Policy Note of Cooperation Department - 2025-2026 - Tamil Version,,https://cms.tn.gov.in/cms_migrated/document/docfiles/coop_t_pn_2025_26.pdf
"April 8, 2025",Policy Note of Food and Consumer Protection - 2025-2026 - English Version,,https://cms.tn.gov.in/cms_migrated/document/docfiles/foodcp_e_pn_2025_26.pdf
"April 8, 2025","G.Os of Planning, Development and Special Initiatives Department",,https://www.tn.gov.in/go.php?dep_id=MjM=&year=MjAyNQ==
"April 8, 2025",Announcements of Co-operation Department - 2025-26 - Tamil Version,,https://cms.tn.gov.in/cms_migrated/document/announcements/coop_t_ann_2025_26.pdf
"April 8, 2025",Announcements of Food and Consumer Protection - 2025-2026 - Tamil Version,,https://cms.tn.gov.in/cms_migrated/document/announcements/foodcp_t_ann_2025_26.pdf
"April 8, 2025",Cut-off Seniority dates adopted for nomination in Employment Offices in Tamil Nadu - February -2025,,https://www.tn.gov.in/employment.php
"April 7, 2025",Policy Note of Chennai Metropolitan Development Authority - 2025-26 - English Version,,https://cms.tn.gov.in/cms_migrated/document/docfiles/cmda_e_pn_2025_26.pdf
"April 7, 2025",Policy Note of Tamil Nadu Urban Habitat Development Board - 2025 - 26 - English Version,,https://cms.tn.gov.in/cms_migrated/document/docfiles/tnuhdb_e_pn_2025_26.pdf
"April 7, 2025",Policy Note of Chennai Metropolitan Development Authority - 2025-26 - Tamil Version,,https://cms.tn.gov.in/cms_migrated/document/docfiles/cmda_t_pn_2025_26.pdf
"April 7, 2025",Policy Note of Tamil Nadu Urban Habitat Development Board - 2025-26 - Tamil Version,,https://cms.tn.gov.in/cms_migrated/document/docfiles/tnuhdb_t_pn_2025_26.pdf
"April 7, 2025",Announcements of Chennai Metropolitan Development Authority - 2025-26 - Tamil Version,,https://cms.tn.gov.in/cms_migrated/document/announcements/cmda_t_ann_2025_26.pdf
"April 7, 2025",Announcements of Tamil Nadu Urban Habitat Development Board - 2025-26 - Tamil Version,,https://cms.tn.gov.in/cms_migrated/document/announcements/tnuhdb_t_ann_2025_26.pdf
"April 4, 2025",Medical Services Recruitment Board - Notification for Prosthetic Craftsman,,https://mrb.tn.gov.in/pdf/2025/Prosthetic_Craftsman_Notification.pdf
"April 3, 2025",Policy Note of Revenue and Disaster Management Department - 2025-2026 -Tamil Version,,https://cms.tn.gov.in/cms_migrated/document/docfiles/revenue_t_pn_2025_26.pdf
"April 3, 2025",Policy Note of Revenue and Disaster Management Department - 2025-2026 - English Version,,https://cms.tn.gov.in/cms_migrated/document/docfiles/revenue_e_pn_2025_26.pdf
"April 3, 2025",Announcements of Agriculture - Farmers Welfare - Sugar Department 2025-2026 - Tamil Version,,https://cms.tn.gov.in/cms_migrated/document/announcements/sugar_t_ann_2025_26.pdf
"April 3, 2025",Announcements of Fisheries and Fishermen Welfare Department - 2025-2026 - Tamil Version,,https://cms.tn.gov.in/cms_migrated/document/announcements/fisheries_t_ann_2025_26.pdf
"April 3, 2025",Announcements of Khadi and Village Industries - 2025-2026 - Tamil Version,,https://cms.tn.gov.in/cms_migrated/document/announcements/kvi_t_ann_2025_26.pdf
"April 3, 2025",Citizens Charter of Tamil Nadu Khadi and Village Industries Board- 2025-2026 - Tamil Version,,https://cms.tn.gov.in/cms_migrated/document/docfiles/kvi_t_cc_2025_26.pdf
"April 3, 2025",Citizens Charter of Tamil Nadu Khadi and Village Industries Board- 2025-2026 - English Version,,https://cms.tn.gov.in/cms_migrated/document/docfiles/kvi_e_cc_2025_26.pdf
"April 3, 2025",Policy Note of Khadi and Village Industries Department - 2025-26 - Tamil Version,,https://cms.tn.gov.in/cms_migrated/document/docfiles/kvi_t_pn_2025_26.pdf
"April 3, 2025",Policy Note of Khadi and Village Industries Department - 2025-26 - English Version,,https://cms.tn.gov.in/cms_migrated/document/docfiles/kvi_e_pn_2025_26.pdf
"April 3, 2025",Announcements of Dairy Development Department - 2025-2026 - Tamil Version,,https://cms.tn.gov.in/cms_migrated/document/announcements/dairy_t_ann_2025_26.pdf
"April 2, 2025",Policy Note of Animal Husbandry Department - 2025-2026 - English Version,,https://cms.tn.gov.in/cms_migrated/document/docfiles/ah_e_pn_2025_26.pdf
"April 2, 2025",Announcement of Handloom and Textiles Department - 2025-26,,https://cms.tn.gov.in/cms_migrated/document/announcements/hhtk_t_ann_2025_26.pdf
"April 2, 2025",Policy Note of Dairy Development Department - 2025-2026 - Tamil Version,,https://cms.tn.gov.in/cms_migrated/document/docfiles/dairy_t_pn_2025_26.pdf
"April 2, 2025",Policy Note of Dairy Development Department - 2025-2026 - English Version,,https://cms.tn.gov.in/cms_migrated/document/docfiles/dairy_e_pn_2025_26.pdf
"April 2, 2025",Policy Note of Fisheries and Fishermen Welfare Department - 2025-2026 - Tamil Version,,https://cms.tn.gov.in/cms_migrated/document/docfiles/fisheries_t_pn_2025_26.pdf
"April 2, 2025",Policy Note of Fisheries and Fishermen Welfare Department - 2025-2026 - English Version,,https://cms.tn.gov.in/cms_migrated/document/docfiles/fisheries_e_pn_2025_26.pdf
"April 2, 2025",Policy Note of Agriculture- Farmers Welfare Department (Sugar department) - 2025-2026 - Tamil Version,,https://cms.tn.gov.in/cms_migrated/document/docfiles/sugar_t_pn_2025_26.pdf
"April 2, 2025",Policy Note of Agriculture- Farmers Welfare Department (Sugar department) - 2025-2026 - English Version,,https://cms.tn.gov.in/cms_migrated/document/docfiles/sugar_e_pn_2025_26.pdf
"April 2, 2025",Policy Note of Agriculture- Farmers Welfare Department - 2025-2026 - Tamil Version,,https://cms.tn.gov.in/cms_migrated/document/docfiles/agri_t_pn_2025_26.pdf
"April 2, 2025",Policy Note of Agriculture- Farmers Welfare Department - 2025-2026 - English Version,,https://cms.tn.gov.in/cms_migrated/document/docfiles/agri_e_pn_2025_26.pdf
"April 2, 2025",Policy Note of Animal Husbandry Department - 2025-2026 - Tamil Version,,https://cms.tn.gov.in/cms_migrated/document/docfiles/ah_t_pn_2025_26.pdf
"April 2, 2025",Announcement of Sericulture and Handicrafts Department - 2025-26,,https://cms.tn.gov.in/cms_migrated/document/announcements/sericulture_hc_t_ann_2025_26.pdf
"April 1, 2025",Citizens charter of Sericulture - 2025-26 - Tamil Version,,https://cms.tn.gov.in/cms_migrated/document/docfiles/sericulture_t_cc_2025_26.pdf
"April 1, 2025",Citizens charter of Textiles Department - 2025-26 - Tamil Version,,https://cms.tn.gov.in/cms_migrated/document/docfiles/textiles_t_cc_2025_26.pdf
"April 1, 2025",Citizens charter of Textiles Department - 2025-26 - English Version,,https://cms.tn.gov.in/cms_migrated/document/docfiles/textiles_e_cc_2025_26.pdf
"April 1, 2025",Citizens charter of Sericulture - 2025-26 - English Version,,https://cms.tn.gov.in/cms_migrated/document/docfiles/sericulture_e_cc_2025_26.pdf
"April 1, 2025",Medical Services Recruitment Board - Syllabus for Senior Analyst,,https://mrb.tn.gov.in/syllabus/Senior_Analyst_Syllabus.pdf
"April 1, 2025",Announcement of Highways and Minor Ports Department - 2025-26,,https://cms.tn.gov.in/cms_migrated/document/announcements/hw_t_ann_2025_26.pdf
"April 1, 2025",Citizens charter of Tamil Nadu Handicrafts Development Corporation Ltd - 2025-26 - Tamil Version,,https://cms.tn.gov.in/cms_migrated/document/docfiles/tnhdc_t_cc_2025_26.pdf
"April 1, 2025",Citizens charter of Tamil Nadu Handicrafts Development Corporation Ltd - 2025-26 - English Version,,https://cms.tn.gov.in/cms_migrated/document/docfiles/tnhdc_e_cc_2025_26.pdf
"April 1, 2025",Policy Note of Sericulture and Handicrafts Department - 2025-26 - Tamil Version,,https://cms.tn.gov.in/cms_migrated/document/docfiles/sericulture_hc_t_pn_2025_26.pdf
"April 1, 2025",Policy Note of Sericulture and Handicrafts Department - 2025-26 - English Version,,https://cms.tn.gov.in/cms_migrated/document/docfiles/sericulture_hc_e_pn_2025_26.pdf
"April 1, 2025",Announcement of Public Works Department - 2025-26,,https://cms.tn.gov.in/cms_migrated/document/announcements/pwd_t_ann_2025_26.pdf
"April 1, 2025",Policy Note of Public Works Department - 2025-26 - Tamil Version,,https://cms.tn.gov.in/cms_migrated/document/docfiles/pwd_t_pn_2025_26.pdf
"April 1, 2025",Policy Note of Public Works Department - 2025-26 - English Version,,https://cms.tn.gov.in/cms_migrated/document/docfiles/pwd_e_pn_2025_26.pdf
"April 1, 2025",Policy Note of Highways and Minor Ports Department - 2025-26 - Tamil Version,,https://cms.tn.gov.in/cms_migrated/document/docfiles/hw_t_pn_2025_26.pdf
"April 1, 2025",Policy Note of Highways and Minor Ports Department - 2025-26 - English Version,,https://cms.tn.gov.in/cms_migrated/document/docfiles/hw_e_pn_2025_26.pdf
"April 1, 2025",Policy Note of Environment and Climate Change - 2025-26 - Tamil Version,,https://cms.tn.gov.in/cms_migrated/document/docfiles/envfor_t_pn_2025_26.pdf
"April 1, 2025",Policy Note of Environment and Climate Change - 2025-26 - English Version,,https://cms.tn.gov.in/cms_migrated/document/docfiles/envfor_e_pn_2025_26.pdf
"March 28, 2025",Citizens charter of Handlooms Department - 2025-2026 - Tamil Version,,https://cms.tn.gov.in/cms_migrated/document/docfiles/handlooms_t_cc_2025_26.pdf
"March 28, 2025",Announcements of Youth Welfare and Sports Development Department - 2025-2026,,https://cms.tn.gov.in/cms_migrated/document/announcements/ywsd_t_ann_2025_26.pdf
"March 28, 2025",Citizens charter of Handlooms Department - 2025-2026 - English Version,,https://cms.tn.gov.in/cms_migrated/document/docfiles/handlooms_e_cc_2025_26.pdf
"March 28, 2025",Performance Budget of Sericulture Department -2025-26 - Tamil Version,,https://cms.tn.gov.in/cms_migrated/document/docfiles/sericulture_t_pb_2025_26.pdf
"March 28, 2025",Performance Budget of Sericulture Department -2025-26 - English Version,,https://cms.tn.gov.in/cms_migrated/document/docfiles/sericulture_e_pb_2025_26.pdf
"March 27, 2025",Policy Note of Youth Welfare and Sports Development Department - 2025-26 - Tamil Version,,https://cms.tn.gov.in/cms_migrated/document/docfiles/ywsd_t_pn_2025_26.pdf
"March 27, 2025",Policy Note of Youth Welfare and Sports Development Department - 2025-26 - Englsih Version,,https://cms.tn.gov.in/cms_migrated/document/docfiles/ywsd_e_pn_2025_26.pdf
"March 26, 2025",Policy Note of Rural Development and Panchayat Raj Department - 2025-2026 - Tamil version,,https://cms.tn.gov.in/cms_migrated/document/docfiles/rd_t_pn_2024_26.pdf
"March 26, 2025",Medical Services Recruitment Board - Corrigendum to the post of THEATRE ASSISTANT,,https://mrb.tn.gov.in/pdf/2025/corrigendum_theatre_assistant.pdf
"March 26, 2025",Policy Note of Rural Development and Panchayat Raj Department - 2025-2026 - English version,,https://cms.tn.gov.in/cms_migrated/document/docfiles/rd_e_pn_2024_26.pdf
"March 24, 2025",Policy Note of Water Resources Department 2025-2026 - Tamil version,,https://cms.tn.gov.in/cms_migrated/document/docfiles/wrd_t_pn_2025_26.pdf
"March 24, 2025",Announcements of Water Resources Department - 2025-2026,,https://cms.tn.gov.in/cms_migrated/document/announcements/wrd_t_ann_2025_26.pdf
"March 24, 2025",Policy Note of Natural Resources Department - 2025-2026 - Tamil version,,https://cms.tn.gov.in/cms_migrated/document/docfiles/nrd_t_pn_2025_26.pdf
"March 24, 2025",Policy Note of Natural Resources Department - 2025-2026 - English version,,https://cms.tn.gov.in/cms_migrated/document/docfiles/nrd_e_pn_2025_26.pdf
"March 24, 2025",Policy Note of Water Resources Department 2025-2026 - English version,,https://cms.tn.gov.in/cms_migrated/document/docfiles/wrd_e_pn_2025_26.pdf
"March 18, 2025","Medical Services Recruitment Board - Provisional Selection List for the post of Physiotherapist Grade - II, 2024",,https://mrb.tn.gov.in/pdf/2025/Physiotherapist_PSL_180325.pdf
"March 15, 2025",Agriculture Budget Speech - 2025-2026 - English Version,,https://cms.tn.gov.in/cms_migrated/document/docfiles/agri_budget_speech_e_2025_26.pdf
"March 14, 2025",Medical Services Recruitment Board - Notification for Assistant Medical Officer / Lecturer Grade-II (Yoga and Naturopathy),,https://mrb.tn.gov.in/pdf/2025/yoga_notification_130325.pdf
"March 14, 2025",Budget Speech of the Honble Minister for Finance and Environment and Climate Change for the year 2025-2026 - English Version,,https://cms.tn.gov.in/cms_migrated/document/docfiles/budget_speech_e_2025_2026.pdf
"March 14, 2025",Medical Services Recruitment Board - Certificate Verification Schedule for the post of THEATRE ASSISTANT,,https://mrb.tn.gov.in/pdf/2025/CV_Phase_II_TA_140325.pdf
"March 14, 2025",Budget Speech of the Honble Minister for Finance and Environment and Climate Change for the year 2025-2026 - Tamil Version,,https://cms.tn.gov.in/cms_migrated/document/docfiles/budget_speech_t_2025_2026.pdf
"March 13, 2025",Medical Services Recruitment Board - Notification for Assistant Medical Officer (Siddha),,https://mrb.tn.gov.in/pdf/2025/AMO_SIDDHA_NOTIFICATION_12022025.pdf
"March 12, 2025",Medical Services Recruitment Board - Corrigendum to the Notification for Physiotherapist Grade-II,,https://mrb.tn.gov.in/pdf/2025/corrigendum_physiotherapist_II.pdf
"March 11, 2025","Medical Services Recruitment Board - Exam Date Intimation for Assistant Medical Officer/Lecturer Grade-II (Yoga and Naturopathy), Assistant Medical Officer (Siddha), Assistant Medical Officer (Ayurveda), Assistant Medical Officer (Unani)",,https://www.mrb.tn.gov.in/pdf/2025/Important_Notice_Exam_Date_Intimation.pdf
"March 4, 2025","G.Os of Home, Prohibition and Excise Department- Tamil Version",,https://www.tn.gov.in/kyg_template_tn/go.php?dep_id=MTQ=&year=MjAyNQ==
"March 4, 2025","Human Resources Management Department - Rules and Regulations - The Tamil Nadu Government Servants Conduct Rules, 1973 (corrected upto 10th August 2024)",,https://cms.tn.gov.in/cms_migrated/document/rules_regulations/tngscr1973_eng.pdf
"March 4, 2025",G.Os of Transport Department - English Version,,https://www.tn.gov.in/go.php?dep_id=MzM=&year=MjAyNQ==
"February 27, 2025",Medical Services Recruitment Board - Certificate Verification Schedule for the post of THEATRE ASSISTANT,,https://mrb.tn.gov.in/pdf/2025/CV_Phase_II_TA.pdf
"February 26, 2025",Rural Development and Panchayat Raj Department -Establishment of the Office of Ombudsperson for redressal of grievances under MGNREGS - Panel of suitable persons for consideration for appointment as Ombudsperson,,https://cms.tn.gov.in/cms_migrated/document/announcements/MGNREGS_Ombudsperson_panel.pdf
"February 26, 2025",Medical Services Recruitment Board - Syllabus for Assistant Surgeon (Dental),,https://mrb.tn.gov.in/syllabus/bds_syllabus.pdf
"February 19, 2025",G.Os of Transport Department - Tamil Version,,https://www.tn.gov.in/kyg_template_tn/go.php?dep_id=MzM=&year=MjAyNQ==
"February 12, 2025",Department of Social Welfare and Women Empowerment - Application format for appointment of Chairperson and Members of Tamil Nadu Commission for Protection of Child Rights,,https://cms.tn.gov.in/cms_migrated/document/announcements/TNCPCR_Notification_Advertisement.pdf
"January 23, 2025",G.Os of Finance Department - General Provident Fund (Tamil Nadu) – Rate of interest for the financial year 2024 - 2025 with effect from 01.01.2025 to 31.03.2025,,https://www.tn.gov.in/go.php?dep_id=OQ==&year=MjAyNQ==
"January 21, 2025",Directorate of Boilers - Erode Centre - Schedule of Examination for Second Class Certificate with List of Eligible Candidates,,https://www.boilers.tn.gov.in/pdfs/2025/Erode_2C_Exam_Schedule.pdf
"January 2, 2025",G.Os of Water Resources Department - Tamil Version,,https://www.tn.gov.in/kyg_template_tn/go.php?dep_id=NDQ=&year=MjAyNA==
"January 1, 2025",G.Os of Municipal Administration and Water Supply Department - Tamil Version,,https://www.tn.gov.in/kyg_template_tn/go.php?dep_id=MjE=&year=MjAyNA==
