Issue No,Issue No and Date,Date,URL
38,38dated:23-09-2026,2026-09-23,https://www.stationeryprinting.tn.gov.in/gazette_list_details.php?id=Mzg=&date=MjAyNi0wOS0yMw==
37,37dated:16-09-2026,2026-09-16,https://www.stationeryprinting.tn.gov.in/gazette_list_details.php?id=Mzc=&date=MjAyNi0wOS0xNg==
36,36dated:09-09-2026,2026-09-09,https://www.stationeryprinting.tn.gov.in/gazette_list_details.php?id=MzY=&date=MjAyNi0wOS0wOQ==
35,35dated:02-09-2026,2026-09-02,https://www.stationeryprinting.tn.gov.in/gazette_list_details.php?id=MzU=&date=MjAyNi0wOS0wMg==
34,34dated:26-08-2026,2026-08-26,https://www.stationeryprinting.tn.gov.in/gazette_list_details.php?id=MzQ=&date=MjAyNi0wOC0yNg==
33,33dated:19-08-2026,2026-08-19,https://www.stationeryprinting.tn.gov.in/gazette_list_details.php?id=MzM=&date=MjAyNi0wOC0xOQ==
32,32dated:12-08-2026,2026-08-12,https://www.stationeryprinting.tn.gov.in/gazette_list_details.php?id=MzI=&date=MjAyNi0wOC0xMg==
31,31dated:05-08-2026,2026-08-05,https://www.stationeryprinting.tn.gov.in/gazette_list_details.php?id=MzE=&date=MjAyNi0wOC0wNQ==
30,30dated:29-07-2026,2026-07-29,https://www.stationeryprinting.tn.gov.in/gazette_list_details.php?id=MzA=&date=MjAyNi0wNy0yOQ==
29,29dated:22-07-2026,2026-07-22,https://www.stationeryprinting.tn.gov.in/gazette_list_details.php?id=Mjk=&date=MjAyNi0wNy0yMg==
28,28dated:15-07-2026,2026-07-15,https://www.stationeryprinting.tn.gov.in/gazette_list_details.php?id=Mjg=&date=MjAyNi0wNy0xNQ==
27,27dated:08-07-2026,2026-07-08,https://www.stationeryprinting.tn.gov.in/gazette_list_details.php?id=Mjc=&date=MjAyNi0wNy0wOA==
26,26dated:01-07-2026,2026-07-01,https://www.stationeryprinting.tn.gov.in/gazette_list_details.php?id=MjY=&date=MjAyNi0wNy0wMQ==
25,25dated:24-06-2026,2026-06-24,https://www.stationeryprinting.tn.gov.in/gazette_list_details.php?id=MjU=&date=MjAyNi0wNi0yNA==
24,24dated:17-06-2026,2026-06-17,https://www.stationeryprinting.tn.gov.in/gazette_list_details.php?id=MjQ=&date=MjAyNi0wNi0xNw==
23,23dated:10-06-2026,2026-06-10,https://www.stationeryprinting.tn.gov.in/gazette_list_details.php?id=MjM=&date=MjAyNi0wNi0xMA==
22,22dated:03-06-2026,2026-06-03,https://www.stationeryprinting.tn.gov.in/gazette_list_details.php?id=MjI=&date=MjAyNi0wNi0wMw==
21,21dated:27-05-2026,2026-05-27,https://www.stationeryprinting.tn.gov.in/gazette_list_details.php?id=MjE=&date=MjAyNi0wNS0yNw==
20,20dated:20-05-2026,2026-05-20,https://www.stationeryprinting.tn.gov.in/gazette_list_details.php?id=MjA=&date=MjAyNi0wNS0yMA==
19,19dated:13-05-2026,2026-05-13,https://www.stationeryprinting.tn.gov.in/gazette_list_details.php?id=MTk=&date=MjAyNi0wNS0xMw==
18,18dated:06-05-2026,2026-05-06,https://www.stationeryprinting.tn.gov.in/gazette_list_details.php?id=MTg=&date=MjAyNi0wNS0wNg==
17,17dated:29-04-2026,2026-04-29,https://www.stationeryprinting.tn.gov.in/gazette_list_details.php?id=MTc=&date=MjAyNi0wNC0yOQ==
16,16dated:22-04-2026,2026-04-22,https://www.stationeryprinting.tn.gov.in/gazette_list_details.php?id=MTY=&date=MjAyNi0wNC0yMg==
15,15dated:15-04-2026,2026-04-15,https://www.stationeryprinting.tn.gov.in/gazette_list_details.php?id=MTU=&date=MjAyNi0wNC0xNQ==
14,14dated:08-04-2026,2026-04-08,https://www.stationeryprinting.tn.gov.in/gazette_list_details.php?id=MTQ=&date=MjAyNi0wNC0wOA==
13,13dated:01-04-2026,2026-04-01,https://www.stationeryprinting.tn.gov.in/gazette_list_details.php?id=MTM=&date=MjAyNi0wNC0wMQ==
12,12dated:25-03-2026,2026-03-25,https://www.stationeryprinting.tn.gov.in/gazette_list_details.php?id=MTI=&date=MjAyNi0wMy0yNQ==
11,11dated:18-03-2026,2026-03-18,https://www.stationeryprinting.tn.gov.in/gazette_list_details.php?id=MTE=&date=MjAyNi0wMy0xOA==
10,10dated:11-03-2026,2026-03-11,https://www.stationeryprinting.tn.gov.in/gazette_list_details.php?id=MTA=&date=MjAyNi0wMy0xMQ==
9,9dated:04-03-2026,2026-03-04,https://www.stationeryprinting.tn.gov.in/gazette_list_details.php?id=OQ==&date=MjAyNi0wMy0wNA==
8,8dated:25-02-2026,2026-02-25,https://www.stationeryprinting.tn.gov.in/gazette_list_details.php?id=OA==&date=MjAyNi0wMi0yNQ==
7,7dated:18-02-2026,2026-02-18,https://www.stationeryprinting.tn.gov.in/gazette_list_details.php?id=Nw==&date=MjAyNi0wMi0xOA==
6,6dated:11-02-2026,2026-02-11,https://www.stationeryprinting.tn.gov.in/gazette_list_details.php?id=Ng==&date=MjAyNi0wMi0xMQ==
5,5dated:04-02-2026,2026-02-04,https://www.stationeryprinting.tn.gov.in/gazette_list_details.php?id=NQ==&date=MjAyNi0wMi0wNA==
4,4dated:28-01-2026,2026-01-28,https://www.stationeryprinting.tn.gov.in/gazette_list_details.php?id=NA==&date=MjAyNi0wMS0yOA==
3,3dated:21-01-2026,2026-01-21,https://www.stationeryprinting.tn.gov.in/gazette_list_details.php?id=Mw==&date=MjAyNi0wMS0yMQ==
2,2dated:14-01-2026,2026-01-14,https://www.stationeryprinting.tn.gov.in/gazette_list_details.php?id=Mg==&date=MjAyNi0wMS0xNA==
1,1dated:07-01-2026,2026-01-07,https://www.stationeryprinting.tn.gov.in/gazette_list_details.php?id=MQ==&date=MjAyNi0wMS0wNw==
39,39dated:30-09-2026,2026-09-30,https://www.stationeryprinting.tn.gov.in/gazette_list_details.php?id=Mzk=&date=MjAyNi0wOS0zMA==
40,40dated:07-10-2026,2026-10-07,https://www.stationeryprinting.tn.gov.in/gazette_list_details.php?id=NDA=&date=MjAyNi0xMC0wNw==
